구분,화장실명,소재지도로명주소,소재지지번주소,남녀공용화장실여부,남성용-대변기수,남성용-소변기수,남성용-장애인용대변기수,남성용-장애인용소변기수,남성용-어린이용대변기수,남성용-어린이용소변기수,여성용-대변기수,여성용-장애인용대변기수,여성용-어린이용대변기수,관리기관명,전화번호,개방시간,설치년도,위도,경도,데이터기준일자
공중화장실,경신고등학교,"대구광역시 수성구 달구벌대로504길 34, (범어동)",대구광역시 수성구 범어동 100-5,N,65,140,2,1,0,0,3,1,0,경신고등학교,053-760-0077,09:00~18:00,Apr-18,35.8554457,128.6376616,2019-09-10
공중화장실,경신중학교,"대구광역시 수성구 달구벌대로504길 34, (범어동)",대구광역시 수성구 범어동 100-5,N,47,83,1,1,0,0,6,1,0,경신중학교,053-760-0113,07:00~20:00,Nov-92,35.8554457,128.6376616,2019-09-10
공중화장실,대구경동초등학교,"대구광역시 수성구 청호로76길 12, (범어동)",대구광역시 수성구 범어동 89,N,43,70,6,10,0,0,73,1,0,대구경동초등학교,053-232-2976,09:00~18:00,Jan-83,35.8521724,128.639442,2019-09-10
공중화장실,정화중학교,"대구광역시 수성구 청호로84길 123, (범어동)",대구광역시 수성구 범어동 산105-1,N,36,64,2,2,0,0,83,2,0,정화중학교,053-740-1876,09:00~18:00,Mar-18,35.8502489,128.6411603,2019-09-10
공중화장실,정화여자고등학교,"대구광역시 수성구 청호로84길 123, (범어동)",대구광역시 수성구 범어동 산105-1,N,85,79,3,2,0,0,97,2,0,정화여자고등학교,053-740-1700,09:00~18:00,Apr-18,35.8502489,128.6411603,2019-09-10
공중화장실,대공원시장,"대구광역시 수성구 범어로19길 11, (범어동, 대공원시장)",대구광역시 수성구 범어동 204-1(대공원시장),N,1,3,0,0,0,0,1,0,0,대공원시장,053-755-7441,09:00~18:00,Oct-84,35.8576894,128.6351669,2019-09-10
공중화장실,부광빌딩,"대구광역시 수성구 달구벌대로 2500, (범어동)",대구광역시 수성구 범어동 205-2,N,11,10,0,0,0,0,10,0,0,부광빌딩,053-767-0320,09:00~24:00,Nov-92,35.85841543,128.6361238,2019-09-10
공중화장실,대아빌딩,"대구광역시 수성구 달구벌대로 2532, (범어동)",대구광역시 수성구 범어동 212-1,N,29,29,0,0,0,0,19,0,0,대아빌딩,053-765-5200,09:00~18:00,Oct-92,35.85841378,128.6398219,2019-09-10
공중화장실,골드타워,"대구광역시 수성구 달구벌대로 2486, (범어동)",대구광역시 수성구 범어동 198-2,N,13,13,2,0,0,0,20,1,0,골드타워,053-741-8400,09:00~18:00,Oct-18,35.85842411,128.6345035,2019-09-10
공중화장실,KB손해보험,"대구광역시 수성구 달구벌대로 2397, (범어동)",대구광역시 수성구 범어동 41-3,N,70,83,1,0,0,0,89,1,0,KB손해보험,053-669-7200,09:00~18:00,Dec-18,35.85964661,128.6248179,2019-09-10
개방화장실,상동게이트볼장,,대구광역시 수성구 상동 667-42,N,1,1,0,0,0,0,1,0,0,상동게이트볼장,053-666-2183,09:00~18:00,Jan-00,35.83098483,128.6072045,2019-09-10
공중화장실,상동방천주유소,"대구광역시 수성구 신천동로 85, (상동)",대구광역시 수성구 상동 208,N,1,2,0,0,0,0,1,0,0,상동방천주유소,053-768-5100,06:00~24:00,Sep-94,35.8326615,128.6071308,2019-09-10
공중화장실,상동LPG충전소,"대구광역시 수성구 신천동로 51, (상동)",대구광역시 수성구 상동 675-11,N,2,2,0,0,0,0,1,0,0,상동LPG충전소,053-764-5050,24시간,Nov-18,35.82943225,128.6077869,2019-09-10
개방화장실,버디클럽오일뱅크,"대구광역시 수성구 무학로 12, (상동)",대구광역시 수성구 상동 611-8,N,1,1,0,0,0,0,1,0,0,버디클럽오일뱅크,053-768-2600,24시간,Oct-94,35.82884447,128.6098113,2019-09-10
공중화장실,동도중학교,"대구광역시 수성구 청호로 350, (범어동)",대구광역시 수성구 범어동 336,N,8,15,0,0,0,0,38,0,0,동도중학교,053-232-7200,09:00~18:00,Apr-84,35.84942833,128.6394899,2019-09-10
개방화장실,상동주유소,"대구광역시 수성구 수성로 93, (상동)",대구광역시 수성구 상동 282-2,N,1,1,0,0,0,0,1,0,0,상동주유소,053-767-5544,07:00~22:00,Aug-92,35.83378563,128.6112106,2019-09-10
개방화장실,수성주유소,"대구광역시 수성구 신천동로 10, (상동)",대구광역시 수성구 상동 623-1,Y,1,1,0,0,0,0,0,0,0,수성주유소,053-764-3030,05:00~24:00,Apr-93,35.82601643,128.6094179,2019-09-10
개방화장실,삼보주유소,"대구광역시 수성구 무학로 61, (상동)",대구광역시 수성구 상동 409-2,N,1,1,0,0,0,0,2,0,0,삼보주유소,053-764-3551,06:00~23:30,Mar-95,35.8300259,128.6153099,2019-09-10
공중화장실,수성초등학교,"대구광역시 수성구 상화로5길 40, (상동)",대구광역시 수성구 상동 89-2,N,21,36,5,8,0,0,42,4,0,수성초등학교,053-232-0707,08:30~16:30,Nov-97,35.836837,128.6102265,2019-09-10
공중화장실,덕화중학교,"대구광역시 수성구 들안로9길 36, (상동)",대구광역시 수성구 상동 328-1,N,37,47,4,0,0,0,50,4,0,덕화중학교,053-232-7835,07:30~18:00,Dec-82,35.8326254,128.6149359,2019-09-10
공중화장실,한국전파진흥원,"대구광역시 수성구 청수로 66, (상동)",대구광역시 수성구 상동 6-12,N,12,18,0,0,0,0,6,0,0,한국전파진흥원,053-766-9001,07:00~18:00,Mar-96,35.84014577,128.6153663,2019-09-10
공중화장실,동성초등학교,"대구광역시 수성구 수성로 311, (수성동1가)",대구광역시 수성구 수성동1가 282,N,33,80,3,0,0,0,61,3,0,동성초등학교,053-232-1506,09:00~18:00,Jul-68,35.8531878,128.6125316,2019-09-10
공중화장실,신명여자중학교,"대구광역시 수성구 신천동로 364, (수성동1가)",대구광역시 수성구 수성동1가 96-16,N,6,13,2,0,0,0,49,4,0,신명여자중학교,053-232-9296,09:00~18:00,Jan-98,35.8575118,128.6092622,2019-09-10
공중화장실,대구남산고등학교,"대구광역시 수성구 신천동로 364, (수성동1가)",대구광역시 수성구 수성동1가 96-16,N,43,47,4,2,0,0,72,8,0,대구남산고등학교,053-235-6563,09:00~18:00,Nov-88,35.8575118,128.6092622,2019-09-10
공중화장실,수성현대시장,"대구광역시 수성구 신천동로 280, (수성동1가, 수성현대)",대구광역시 수성구 수성동1가 649-76 수성현대,N,3,2,0,0,0,0,4,0,0,수성현대시장,,09:00~18:00,Jan-00,35.84954972,128.6094608,2019-09-10
공중화장실,대봉교주유소,"대구광역시 수성구 명덕로 414, (수성동2가)",대구광역시 수성구 수성동2가 173,N,2,2,0,0,0,0,1,0,0,대봉교주유소,053-764-5188,24시간,Dec-95,35.85410708,128.6154079,2019-09-10
공중화장실,동중학교,"대구광역시 수성구 수성로76길 33, (수성동2가)",대구광역시 수성구 수성동2가 119-4,N,18,36,5,0,0,0,37,3,0,동중학교,053-755-2491,09:00~18:00,Oct-73,35.85856,128.6161581,2019-09-10
공중화장실,동일초등학교,"대구광역시 수성구 들안로 311, (수성동2가)",대구광역시 수성구 수성동2가 17-1,N,23,46,5,2,0,0,50,5,0,동일초등학교,053-232-3207,09:00~18:00,Mar-83,35.8582007,128.6169452,2019-09-10
공중화장실,태백시장,"대구광역시 수성구 들안로 281, (수성동2가)",대구광역시 수성구 수성동2가 39-4,N,3,0,0,0,0,0,3,0,0,태백시장,053-754-7027,09:00~18:00,Dec-74,35.85519075,128.616756,2019-09-10
공중화장실,동성시장,,대구광역시 수성구 수성동2가 39-1,N,2,1,0,0,0,0,2,0,0,동성시장,,09:00~18:00,May-75,35.85591886,128.6171381,2019-09-10
공중화장실,교보생명빌딩,"대구광역시 수성구 달구벌대로 2330, (수성동2가)",대구광역시 수성구 수성동2가 1,N,21,36,0,0,0,0,18,0,0,교보생명빌딩,053-755-2221,09:00~18:00,Dec-89,35.8593174,128.6169566,2019-09-10
공중화장실,광덕빌딩,"대구광역시 수성구 명덕로 411, (수성동2가)",대구광역시 수성구 수성동2가 168-4,N,20,20,0,0,0,0,20,0,0,광덕빌딩,053-746-2727,09:00~18:00,Oct-91,35.85468561,128.6150803,2019-09-10
공중화장실,대구은행본점,"대구광역시 수성구 달구벌대로 2310, (수성동2가)",대구광역시 수성구 수성동2가 118,N,121,132,2,0,0,0,122,2,0,대구은행본점,053-756-2001,09:00~18:00,May-85,35.8590769,128.6150194,2019-09-10
공중화장실,아조빌딩,"대구광역시 수성구 들안로 274, (수성동3가)",대구광역시 수성구 수성동3가 330,N,17,17,1,1,0,0,16,1,0,아조빌딩,053-761-4601,08:00~22:00,Aug-98,35.85448364,128.6175477,2019-09-10
개방화장실,더좋은병원,"대구광역시 수성구 명덕로 443, (수성동3가)",대구광역시 수성구 수성동3가 327,N,12,8,1,0,0,0,14,0,0,의료법인 세청의료재단,053-740-1000,09:00~18:00,Nov-00,35.8545433,128.6185273,2019-09-10
개방화장실,신천주유소,"대구광역시 수성구 들안로 375, (수성동4가)",대구광역시 수성구 수성동4가 1026-1,N,1,1,0,0,0,0,1,0,0,신천주유소,053-741-2277,06:00~24:00,Jan-94,35.86372155,128.6176748,2019-09-10
공중화장실,대구중앙고등학교,"대구광역시 수성구 신천동로 496, (수성동4가)",대구광역시 수성구 수성동4가 1145-1,N,20,25,0,0,0,0,35,0,0,대구중앙고등학교,053-720-8040,09:00~18:00,May-18,35.8669272,128.6164609,2019-09-10
공중화장실,수성하이츠쇼핑몰,"대구광역시 수성구 수성로 393, (수성동4가, 수성하이츠)",대구광역시 수성구 수성동4가 1090-8 수성하이츠,N,13,13,0,0,0,0,15,0,0,수성하이츠쇼핑몰관리사무소,053-743-9192,07:00~24:00,Jan-00,35.8608134,128.6135071,2019-09-10
공중화장실,중앙중학교,,대구광역시 수성구 수성동4가 1145,N,24,37,0,0,0,0,2,0,0,중앙중학교,053-752-9667,09:00~18:00,Sep-64,35.86710725,128.6165606,2019-09-10
공중화장실,DFC(대구파이낸스센터),"대구광역시 수성구 청수로 43, (중동)",대구광역시 수성구 중동 179,N,64,68,3,0,0,0,43,0,1,대구파이낸스센터,053-761-7983,06:00~24:00,Mar-97,35.8412501,128.6130011,2019-09-10
공중화장실,대성주유소,"대구광역시 수성구 희망로 146, (중동)",대구광역시 수성구 중동 73-1,Y,1,1,0,0,0,0,0,0,0,대성주유소,053-764-5124,06:00~23:00,Aug-95,35.84654028,128.6145633,2019-09-10
개방화장실,대구개인택시조합제1충전소,"대구광역시 수성구 수성로 286, (중동)",대구광역시 수성구 중동 7-1,N,2,3,0,0,0,0,2,0,0,대구개인택시조합제1충전소,053-763-0153,24시간,Feb-76,35.85096176,128.6136734,2019-09-10
공중화장실,기분좋은주유소,"대구광역시 수성구 희망로 101-1, (중동)",대구광역시 수성구 중동 537-21,N,1,1,0,0,0,0,1,0,0,기분좋은주유소,053-761-6051,06:00~23:00,Jul-92,35.84732038,128.6100637,2019-09-10
개방화장실,아름다운주유소,"대구광역시 수성구 수성로 250, (중동)",대구광역시 수성구 중동 32-4,N,1,1,0,0,0,0,1,0,0,아름다운주유소,053-762-2692,24시간,Dec-94,35.8478245,128.613311,2019-09-10
공중화장실,수성시장,"대구광역시 수성구 명덕로 420, (수성동2가)",대구광역시 수성구 수성동2가 39-3,N,2,1,0,0,0,0,2,0,0,수성시장,053-755-3218,09:00~18:00,Jan-71,35.85426618,128.6160181,2019-09-10
공중화장실,동일가스,"대구광역시 수성구 청수로 1, (중동)",대구광역시 수성구 중동 551-8,N,1,2,0,0,0,0,3,0,0,동일가스,053-762-8855,24시간,Oct-82,35.84172228,128.6083932,2019-09-10
공중화장실,삼육초등학교,"대구광역시 수성구 청수로 22-23, (중동)",대구광역시 수성구 중동 410-1,N,8,10,1,2,0,0,11,1,0,삼육초등학교,053-232-5961,08:00~18:00,Apr-84,35.8400739,128.6106256,2019-09-10
공중화장실,효성여성병원,,대구광역시 수성구 중동 105-1,N,5,5,0,0,0,0,8,0,0,효성여성병원,053-766-7070,09:00~18:00,Feb-97,35.8429994,128.6128651,2019-09-10
공중화장실,효성아동병원,"대구광역시 수성구 수성로 200, (중동)",대구광역시 수성구 중동 104-1,N,11,11,0,0,1,0,22,0,1,효성아동병원,053-212-7700,09:00~18:00,Apr-18,35.84321413,128.6129014,2019-09-10
공중화장실,NH농협은행,"대구광역시 수성구 희망로 124, (중동)",대구광역시 수성구 중동 320-3,N,14,21,0,0,0,0,14,0,0,NH농협은행,053-760-3094,08:00~18:00,Jul-92,35.84688729,128.6123666,2019-09-10
공중화장실,황금캐슬주유소,"대구광역시 수성구 청수로 172, (지산동)",대구광역시 수성구 지산동 932,N,1,1,1,0,0,0,1,1,0,황금캐슬주유소,053-765-7100,24시간,Dec-99,35.8388163,128.6268039,2019-09-10
공중화장실,한일주유소,"대구광역시 수성구 청수로 162, (지산동)",대구광역시 수성구 지산동 942,N,1,1,0,0,0,0,1,0,0,한일주유소,053-766-2966,06:00~23:00,Jul-94,35.83901141,128.6256145,2019-09-10
공중화장실,지산주유소,"대구광역시 수성구 지산로14길 63, (지산동)",대구광역시 수성구 지산동 566-2,N,1,2,0,0,0,0,0,0,0,지산주유소,053-784-2722,06:00~23:00,Jan-93,35.82655863,128.6370073,2019-09-10
공중화장실,지봉초등학교,"대구광역시 수성구 지범로31길 45, (지산동)",대구광역시 수성구 지산동 1296,N,17,73,5,1,0,0,32,5,0,지봉초등학교,053-781-9273,08:30~16:30,Dec-91,35.8253389,128.6405272,2019-09-10
공중화장실,복음선교관,"대구광역시 수성구 동대구로 20, (지산동)",대구광역시 수성구 지산동 1054-3,N,12,18,0,0,0,0,11,0,0,복음선교관,053-765-8006,09:00~18:00,Oct-93,35.83191727,128.6239691,2019-09-10
공중화장실,문화주유소,"대구광역시 수성구 청호로 93, (지산동)",대구광역시 수성구 지산동 103,N,1,2,0,0,0,0,2,0,0,문화주유소,053-782-3300,06:00~23:00,Jan-95,35.8261534,128.6441162,2019-09-10
공중화장실,능인고등학교,"대구광역시 수성구 무학로 207, (지산동)",대구광역시 수성구 지산동 800,N,70,112,4,0,0,0,4,0,0,능인고등학교,053-235-4420,09:00~18:00,Feb-87,35.8317908,128.6324892,2019-09-10
공중화장실,능인중학교,"대구광역시 수성구 무학로 207, (지산동)",대구광역시 수성구 지산동 800,N,28,46,1,0,0,0,4,1,0,능인중학교,053-232-9103,09:00~18:00,Feb-87,35.8317908,128.6324892,2019-09-10
공중화장실,지산초등학교,"대구광역시 수성구 지범로17길 3-14, (지산동)",대구광역시 수성구 지산동 1149,N,15,26,0,5,0,0,30,1,0,지산초등학교,053-232-0900,08:30-16:30,Nov-77,35.827213,128.6298996,2019-09-10
공중화장실,한패밀리병원,"대구광역시 수성구 동대구로 12, (지산동)",대구광역시 수성구 지산동 1054-5,N,8,16,2,0,0,0,7,4,0,한패밀리병원,053-760-8893,08:00-20:00,Jan-98,35.83130433,128.624014,2019-09-10
개방화장실,대구광역시교통연수원,"대구광역시 수성구 무학로 203, (지산동)",대구광역시 수성구 지산동 761-10,N,20,39,1,0,0,0,13,0,0,대구광역시교통연수원,053-765-3001,24시간,Jun-88,35.8303843,128.6304969,2019-09-10
공중화장실,대림주유소,"대구광역시 수성구 용학로 244, (지산동)",대구광역시 수성구 지산동 1205-3,N,1,1,0,0,0,0,1,0,0,대림주유소,053-781-5151,06:00~23:00,Dec-93,35.8201309,128.6349431,2019-09-10
공중화장실,수성지에스주유소,"대구광역시 수성구 지범로 52, (지산동)",대구광역시 수성구 지산동 1161-24,N,2,2,0,0,0,0,0,0,0,수성지에스주유소,053-783-8900,06:00~23:00,Apr-96,35.82597385,128.6264016,2019-09-10
개방화장실,신화명품주유소,"대구광역시 수성구 동대구로 74, (지산동)",대구광역시 수성구 지산동 997-2,N,1,2,0,0,0,0,2,0,0,신화명품주유소,053-767-5142,06:00~24:00,Feb-18,35.8366897,128.624502,2019-09-10
공중화장실,지산중학교,"대구광역시 수성구 지산로3길 68, (지산동)",대구광역시 수성구 지산동 1256-1,N,22,39,2,0,0,0,51,1,0,지산중학교,053-232-6633,09:00~18:00,Oct-91,35.82463738,128.6287306,2019-09-10
공중화장실,용지초등학교,"대구광역시 수성구 지산로 12, (지산동)",대구광역시 수성구 지산동 1272,N,33,81,1,1,0,0,57,1,0,용지초등학교,053-232-3785,08:30~16:30,Jul-97,35.8220084,128.6327215,2019-09-10
공중화장실,지산목련시장,,대구광역시 수성구 지산동 1299-10,N,1,2,1,0,0,0,1,1,0,지산목련시장,053-783-4927,09:00~18:00,Dec-89,35.82561632,128.6411849,2019-09-10
공중화장실,아주빌딩,"대구광역시 수성구 지범로 182, (지산동)",대구광역시 수성구 지산동 1275-10,N,16,16,8,0,0,0,16,0,0,아주빌딩,053-783-2511,09:00~18:00,Apr-96,35.8211021,128.6391009,2019-09-10
공중화장실,수성고등학교,"대구광역시 수성구 용학로28길 36, (지산동)",대구광역시 수성구 지산동 1184-3,N,35,59,1,0,0,0,64,1,0,수성고등학교,053-712-8152,09:00~18:00,Nov-18,35.8210304,128.6258546,2019-09-10
개방화장실,동아스포츠센터,"대구광역시 수성구 지범로 59, (지산동)",대구광역시 수성구 지산동 1160-74,N,25,24,0,0,0,0,23,0,0,동아스포츠센터,053-784-6277,09:00~18:00,Jun-93,35.8259285,128.6297478,2019-09-10
공중화장실,신세계주유소,"대구광역시 수성구 파동로 159, (파동)",대구광역시 수성구 파동 27-33,N,1,2,0,0,0,0,1,0,0,신세계주유소,053-763-7894,06:00~23:00,Jan-95,35.8172499,128.6135038,2019-09-10
공중화장실,파동주유소,"대구광역시 수성구 파동로 71, (파동)",대구광역시 수성구 파동 506-4,N,1,2,0,0,0,0,1,0,0,파동주유소,053-768-8182,06:00~23:00,Sep-96,35.8105161,128.6184122,2019-09-10
공중화장실,정다운주유소,"대구광역시 수성구 파동로 59, (파동)",대구광역시 수성구 파동 495,N,2,1,0,0,0,0,1,0,0,정다운주유소,053-766-8884,06:00~23:00,Mar-95,35.8097087,128.619099,2019-09-10
공중화장실,두산초등학교,"대구광역시 수성구 동대구로6길 31, (지산동)",대구광역시 수성구 지산동 1043,N,26,47,4,4,0,0,49,5,0,두산초등학교,053-232-3598,08:00~17:00,Dec-97,35.83260024,128.6262545,2019-09-10
공중화장실,대자연주유소,"대구광역시 수성구 파동로 42, (파동)",대구광역시 수성구 파동 481-3,N,1,1,0,0,0,0,1,0,0,대자연주유소,053-768-3200,06:00~23:00,Jan-96,35.8084712,128.6208332,2019-09-10
공중화장실,수성중학교,"대구광역시 수성구 파동로51길 26-9, (파동)",대구광역시 수성구 파동 2,N,21,39,1,1,0,0,32,1,0,수성중학교,053-232-6312,09:00~18:00,Mar-83,35.8255985,128.6071854,2019-09-10
공중화장실,파동초등학교,"대구광역시 수성구 파동로51길 34, (파동)",대구광역시 수성구 파동 8,N,18,23,4,0,0,0,27,4,0,파동초등학교,053-232-3090,08:00~17:00,Mar-83,35.8242729,128.6076568,2019-09-10
개방화장실,대구장애인종합복지관,"대구광역시 수성구 파동로51길 26-17, (파동)",대구광역시 수성구 파동 1-1,N,9,11,12,14,0,0,13,14,0,대구장애인종합복지관,053-763-1011,08:30~18:00,Apr-87,35.8265788,128.6070623,2019-09-10
공중화장실,성동초등학교,"대구광역시 수성구 청수로45길 27, (황금동)",대구광역시 수성구 황금동 373,N,36,69,4,0,0,0,60,5,0,성동초등학교,053-770-0502,09:00~18:00,Mar-82,35.8413628,128.6323184,2019-09-10
공중화장실,경북고등학교,"대구광역시 수성구 청호로 300, (황금동)",대구광역시 수성구 황금동 9,N,107,158,2,0,0,0,6,0,0,경북고등학교,053-760-5502,09:00~18:00,Nov-84,35.8444499,128.6406387,2019-09-10
개방화장실,국립대구박물관,"대구광역시 수성구 청호로 321, (황금동)",대구광역시 수성구 황금동 70,N,8,11,6,3,2,3,23,6,2,국립대구박물관,053-768-6051,09:00~18:00,Dec-94,35.8460881,128.6385098,2019-09-10
공중화장실,㈜율당골든게이트,"대구광역시 수성구 청호로 297, (황금동)",대구광역시 수성구 황금동 92,N,5,15,0,0,0,0,10,0,0,㈜율당골든게이트,053-761-8300,09:00~18:00,May-18,35.84391854,128.6384986,2019-09-10
개방화장실,황금게이트볼장,,대구광역시 수성구 황금동 605-2,N,0,1,0,0,0,0,1,0,0,황금게이트볼장,053-744-8088,09:00~18:00,Jan-00,35.84361769,128.6254668,2019-09-10
공중화장실,사랑가득주유소,"대구광역시 수성구 동대구로 221, (황금동)",대구광역시 수성구 황금동 670-1,N,1,2,0,0,0,0,1,0,0,사랑가득주유소,053-767-1010,06:00~24:00,Feb-93,35.85026502,128.6245892,2019-09-10
개방화장실,믿음가득주유소,"대구광역시 수성구 동대구로 138, (황금동)",대구광역시 수성구 황금동 601-1,N,1,1,0,0,0,0,1,0,0,믿음가득주유소,053-764-8420,06:00~24:00,Sep-94,35.84252014,128.6250707,2019-09-10
개방화장실,동산가스,"대구광역시 수성구 동대구로 116, (황금동)",대구광역시 수성구 황금동 546,Y,2,2,0,0,0,0,0,0,0,㈜동산가스,053-763-8877,24시간,Jul-84,35.84066527,128.624713,2019-09-10
개방화장실,황금기름창고주유소,"대구광역시 수성구 청수로 89, 5호 (황금동)",대구광역시 수성구 황금동 887-1 5호,N,1,2,0,0,0,0,1,0,0,황금기름창고주유소,053-766-5151,24시간,Aug-94,35.84061863,128.6180598,2019-09-10
공중화장실,만포주유소,,대구광역시 수성구 황금동 762-23,N,2,2,0,0,0,0,2,0,0,만포주유소,053-768-5189,06:00~21:50,Nov-94,35.84666519,128.6218043,2019-09-10
공중화장실,황금초등학교,"대구광역시 수성구 들안로32길 22, (황금동)",대구광역시 수성구 황금동 820,N,28,74,5,0,0,0,53,1,0,황금초등학교,053-232-2046,09:00~18:00,Mar-80,35.8440211,128.6183757,2019-09-10
공중화장실,황금시장,"대구광역시 수성구 청솔로 19, (황금동, 황금시장)",대구광역시 수성구 황금동 746 황금시장,N,6,2,0,0,0,0,6,0,0,황금시장,053-766-7169,09:00~18:00,Jan-81,35.84844996,128.6199743,2019-09-10
공중화장실,화성산업본사사옥,"대구광역시 수성구 동대구로 111, (황금동)",대구광역시 수성구 황금동 847-2,N,15,23,0,0,0,0,16,0,0,화성산업본사사옥,053-767-2111,09:00~18:00,Dec-00,35.84032889,128.623537,2019-09-10
공중화장실,LG U+ 황금사옥,"대구광역시 수성구 동대구로 125, (황금동)",대구광역시 수성구 황금동 846-3,N,16,16,0,0,0,0,16,0,0,LG U+ 황금사옥,053-712-5390,08:00~21:00,Mar-96,35.84146405,128.6236344,2019-09-10
개방화장실,한국방송광고공사,"대구광역시 수성구 동대구로 126, (황금동)",대구광역시 수성구 황금동 541-1,N,12,14,0,0,0,0,11,0,0,한국방송광고진흥공사 대구지사,053-767-9900,08:00~22:00,Dec-97,35.8415031,128.6247637,2019-09-10
공중화장실,우신빌딩,"대구광역시 수성구 동대구로 194, (황금동)",대구광역시 수성구 황금동 661,N,14,14,0,0,0,0,14,0,0,우신빌딩,053-741-6060,09:00~18:00,Dec-18,35.8477031,128.6253323,2019-09-10
공중화장실,대구과학고등학교,"대구광역시 수성구 동대구로 154, (황금동)",대구광역시 수성구 황금동 613,N,43,53,9,9,0,0,65,9,0,대구과학고등학교,053-231-7618,08:00~19:00,Nov-90,35.8443207,128.6252903,2019-09-10
공중화장실,현대e병원,"대구광역시 수성구 희망로 219, (황금동)",대구광역시 수성구 황금동 687-3,N,10,17,1,0,0,0,9,3,0,현대e병원,053-762-2009,09:00~18:00,May-98,35.8467364,128.6228888,2019-09-10
개방화장실,범어1동주민센터,"대구광역시 수성구 범어천로 97, (범어동)",대구광역시 수성구 범어동 882-15,N,4,4,1,1,0,0,4,1,0,범어1동주민센터,053-666-3542,09:00~18:00,Jul-93,35.8556301,128.6220509,2019-09-10
개방화장실,범어지구대,"대구광역시 수성구 동대구로 313, (범어동)",대구광역시 수성구 범어동 563-8,N,3,6,1,0,0,0,1,0,0,범어지구대,053-600-6307,09:00~18:00,Nov-18,35.8585703,128.6251586,2019-09-10
개방화장실,대구지방고용노동청,"대구광역시 수성구 동대구로 231, (범어동)",대구광역시 수성구 범어동 743,N,10,15,2,0,0,0,16,0,0,대구지방고용노동청,053-667-6207,09:00~18:00,Dec-18,35.8510261,128.6245059,2019-09-10
개방화장실,수성구청,"대구광역시 수성구 달구벌대로 2450, (범어동)",대구광역시 수성구 범어동 238-3,N,40,48,5,1,0,0,41,0,0,수성구청,053-666-2262,09:00~18:00,Aug-78,35.8580437,128.630552,2019-09-10
개방화장실,수성경찰서,"대구광역시 수성구 달구벌대로 2460, (범어동)",대구광역시 수성구 범어동 238-37,N,23,32,4,0,0,0,3,0,0,수성경찰서,053-600-9339,09:00~18:00,Jul-84,35.85826801,128.6318343,2019-09-10
개방화장실,범어2동우체국,"대구광역시 수성구 달구벌대로 2465, (범어동)",대구광역시 수성구 범어동 167-6,N,2,1,0,0,0,0,0,0,0,범어2동우체국,053-756-8361,09:00~18:00,Dec-88,35.8591141,128.6323093,2019-09-10
공중화장실,황금중학교,"대구광역시 수성구 들안로32길 40, (황금동)",대구광역시 수성구 황금동 821,N,24,38,6,0,0,0,53,6,0,황금중학교,053-232-7966,07:00~18:00,Mar-82,35.8434924,128.6193802,2019-09-10
개방화장실,범어2동주민센터,"대구광역시 수성구 달구벌대로489안길 7, (범어동)",대구광역시 수성구 범어동 163-1,N,1,2,1,1,0,0,2,1,0,범어2동주민센터,053-666-3554,24시간,Jan-79,35.8601155,128.6312765,2019-09-10
개방화장실,대구고용센터,"대구광역시 수성구 동대구로 392, (범어동)",대구광역시 수성구 범어동 45-31,N,9,9,1,1,0,0,20,1,0,대구고용센터,053-667-6029,09:00~18:00,Dec-18,35.86534728,128.6274428,2019-09-10
개방화장실,대구고등지방검찰청,"대구광역시 수성구 동대구로 364, (범어동)",대구광역시 수성구 범어동 458-2,N,41,49,1,0,0,0,42,1,0,대구고등지방검찰청,053-740-3300,09:00~18:00,Jan-73,35.8621645,128.6284864,2019-09-10
개방화장실,대구고등법원,"대구광역시 수성구 동대구로 364, (범어동)",대구광역시 수성구 범어동 176-1,N,46,64,25,0,0,0,47,10,0,대구고등법원,053-755-1882,09:00~18:00,Oct-73,35.8621645,128.6284864,2019-09-10
개방화장실,범어3동주민센터,"대구광역시 수성구 들안로 403-1, (범어동)",대구광역시 수성구 범어동 1265,N,1,1,0,0,0,0,1,0,0,범어3동주민센터,053-666-3573,09:00~18:00,Aug-80,35.86610038,128.6178041,2019-09-10
개방화장실,범어역,"대구광역시 수성구 달구벌대로 2398, (범어동)",대구광역시 수성구 범어동 561-4,N,4,5,1,1,0,0,10,1,1,대구도시철도공사,053-756-9376,05:30~24:00,Jan-18,35.85875474,128.6247334,2019-09-10
개방화장실,범어4동주민센터,"대구광역시 수성구 범어로20길 97, (범어동)",대구광역시 수성구 범어동 218-15,N,1,1,2,0,0,0,1,0,0,범어4동주민센터,053-666-3304,09:00~18:00,Mar-88,35.85810872,128.6412477,2019-09-10
개방화장실,범어4동치안센터,"대구광역시 수성구 청호로 421-9, (범어동)",대구광역시 수성구 범어동 831-44,N,0,1,1,0,0,0,0,0,0,범어4동치안센터,053-600-6311,09:00~18:00,Sep-90,35.85465161,128.6388173,2019-09-10
개방화장실,수성구청역,"대구광역시 수성구 달구벌대로 2494, (범어동, 장미)",대구광역시 수성구 범어동 198-6 장미,N,4,6,1,1,0,0,9,1,1,대구도시철도공사,053-756-7822,05:30~24:00,Dec-18,35.8585178,128.6355157,2019-09-10
개방화장실,만촌1동우체국,"대구광역시 수성구 국채보상로 1075, (만촌동)",대구광역시 수성구 만촌동 685-56,N,1,1,0,0,0,0,0,0,0,만촌1동우체국,053-742-0900,09:00~18:00,Dec-91,35.8689039,128.6467717,2019-09-10
개방화장실,만촌1동주민센터,"대구광역시 수성구 무열로 167, (만촌동)",대구광역시 수성구 만촌동 636-7,N,2,2,1,0,0,0,1,0,0,만촌1동주민센터,053-666-3305,09:00~18:00,Jul-82,35.87291413,128.646902,2019-09-10
개방화장실,만촌2동주민센터,"대구광역시 수성구 무열로 12, (만촌동)",대구광역시 수성구 만촌동 942-6,N,1,2,0,0,0,0,1,0,0,만촌2동주민센터,053-666-3306,09:00~18:00,Oct-86,35.8598612,128.6472298,2019-09-10
개방화장실,만촌역,"대구광역시 수성구 달구벌대로 2575, (만촌동)",대구광역시 수성구 만촌동 1037-4,N,4,10,1,1,0,0,15,1,1,대구도시철도공사,053-751-0287,05:30~24:00,Dec-18,35.85935366,128.6444022,2019-09-10
개방화장실,만촌3동주민센터,"대구광역시 수성구 교학로2길 45, (만촌동)",대구광역시 수성구 만촌동 855-2,N,5,5,2,1,0,0,4,0,0,만촌3동주민센터,053-666-3651,09:00~18:00,Aug-97,35.85550776,128.6505711,2019-09-10
개방화장실,만촌119안전센터,"대구광역시 수성구 달구벌대로 2658, (만촌동)",대구광역시 수성구 만촌동 859-1,N,2,2,0,0,0,0,0,0,0,만촌119안전센터,053-752-0119,09:00~18:00,Sep-82,35.85533716,128.6521087,2019-09-10
개방화장실,수성1가우체국,"대구광역시 수성구 달구벌대로 2272, (수성동1가)",대구광역시 수성구 수성동1가 93-36,N,0,0,2,0,0,0,0,0,0,수성1가우체국,053-757-1273,09:00~18:00,Jul-92,35.86002489,128.6109102,2019-09-10
개방화장실,수성1가동주민센터,,대구광역시 수성구 수성동1가 249-139,N,8,7,1,1,0,0,8,0,0,수성1가동주민센터,053-666-3671,09:00~18:00,Oct-96,35.85658128,128.609522,2019-09-10
개방화장실,수성우체국,"대구광역시 수성구 달구벌대로 2320, (수성동2가)",대구광역시 수성구 수성동2가 118-2,N,19,30,2,0,0,0,13,1,0,수성우체국,053-757-1030,09:00~18:00,Dec-89,35.8593054,128.6158579,2019-09-10
개방화장실,수성치안센터,"대구광역시 수성구 들안로54길 26, (수성동3가)",대구광역시 수성구 수성동3가 216,N,0,0,2,0,0,0,0,0,0,수성치안센터,053-763-0113,09:00~18:00,Dec-80,35.8529183,128.6186534,2019-09-10
개방화장실,수성2.3가동주민센터,"대구광역시 수성구 명덕로 443-2, (수성동3가)",대구광역시 수성구 수성동3가 184-5,N,8,8,4,0,0,0,8,0,0,수성2.3가동주민센터,053-666-3696,09:00~18:00,Jun-18,35.85476452,128.6190113,2019-09-10
공중화장실,대구시교육청,"대구광역시 수성구 수성로76길 11, (수성동2가)",대구광역시 수성구 수성동2가 119-2,N,42,54,5,0,0,0,45,1,0,대구시교육청,053-231-0552,09:00~24:00,Apr-18,35.8582484,128.6150618,2019-09-10
개방화장실,대구은행역,,대구광역시 수성구 수성동2가 118-1,N,4,7,1,1,0,0,12,1,1,대구도시철도공사,053-752-0206,05:30~24:00,Jan-18,35.85901258,128.6149588,2019-09-10
개방화장실,수성119안전센터,"대구광역시 수성구 들안로60길 30, (수성동3가)",대구광역시 수성구 수성동3가 40,N,3,5,1,0,0,0,0,0,0,수성119안전센터,053-741-2119,09:00~18:00,Jan-00,35.8568077,128.6209186,2019-09-10
개방화장실,수성4가동주민센터,"대구광역시 수성구 들안로67길 64, (수성동4가)",대구광역시 수성구 수성동4가 1027-6,N,3,1,0,0,0,0,2,0,0,수성4가동주민센터,053-666-3721,09:00~18:00,Oct-84,35.86264525,128.6166478,2019-09-10
개방화장실,범어3동치안센터,"대구광역시 수성구 범어천로 147, (수성동4가)",대구광역시 수성구 수성동4가 985-96,N,1,1,0,0,0,0,0,0,0,범어3동치안센터,053-600-6309,09:00~18:00,Nov-81,35.85994006,128.6221186,2019-09-10
개방화장실,황금1동주민센터,"대구광역시 수성구 청호로57길 10, (황금동)",대구광역시 수성구 황금동 93-5,N,4,4,1,1,0,0,5,1,0,황금1동주민센터,053-666-3731,09:00~18:00,Mar-94,35.84398352,128.6381448,2019-09-10
개방화장실,황금지구대,"대구광역시 수성구 청수로 245, (황금동)",대구광역시 수성구 황금동 148-5,N,1,2,1,0,0,0,0,0,0,황금지구대,053-600-6318,09:00~18:00,Jan-18,35.84102749,128.6347113,2019-09-10
개방화장실,황금동우체국,"대구광역시 수성구 청수로 243, (황금동)",대구광역시 수성구 황금동 148-4,N,1,1,1,0,0,0,0,1,0,황금동우체국,053-763-0177,09:00~18:00,Aug-18,35.84102843,128.6345124,2019-09-10
개방화장실,담티역,"대구광역시 수성구 화랑로34길 61, (만촌동, 그랜드빌라)",대구광역시 수성구 만촌동 360 그랜드빌라,N,3,4,1,1,0,0,7,1,1,대구도시철도공사,053-752-0959,05:30~24:00,Dec-18,35.8750053,128.6482191,2019-09-10
개방화장실,대구시노인종합복지관,"대구광역시 수성구 청수로35길 47, (황금동)",대구광역시 수성구 황금동 478-4,N,6,8,6,0,0,0,8,3,0,대구시노인종합복지관,053-766-6011,09:00~18:00,Mar-95,35.8411411,128.6299865,2019-09-10
개방화장실,수성구청소년수련관,"대구광역시 수성구 청수로45길 100, (황금동)",대구광역시 수성구 황금동 산143-1,N,15,26,3,0,0,0,19,2,0,수성구청소년수련관,053-761-9400,08:00~22:00,Dec-95,35.8448431,128.6319043,2019-09-10
개방화장실,황금2동주민센터,"대구광역시 수성구 청수로31길 45, (황금동)",대구광역시 수성구 황금동 541-2,N,2,2,1,0,0,0,1,1,0,황금2동주민센터,053-666-3761,09:00~18:00,Dec-76,35.84154599,128.625207,2019-09-10
개방화장실,황금2동치안센터,"대구광역시 수성구 들안로42길 17, (황금동)",대구광역시 수성구 황금동 719-20,N,1,1,2,0,0,0,0,0,0,황금2동치안센터,053-762-0112,09:00~18:00,Oct-96,35.84951572,128.6178633,2019-09-10
개방화장실,대구광역시과학교육원,"대구광역시 수성구 동대구로 172, (황금동)",대구광역시 수성구 황금동 626-1,N,18,23,1,1,0,0,33,1,0,대구광역시과학교육원,053-231-1207,09:00~18:00,May-83,35.8450962,128.6270121,2019-09-10
개방화장실,어린이회관,"대구광역시 수성구 동대구로 176, (황금동)",대구광역시 수성구 황금동 626,N,19,36,5,0,3,0,28,6,3,어린이회관,053-760-0613,09:00~18:00,Dec-83,35.8469129,128.6272003,2019-09-10
개방화장실,중동우체국,"대구광역시 수성구 들안로 137, (중동)",대구광역시 수성구 중동 139-3,N,1,0,1,0,0,0,0,0,0,중동우체국,053-764-0014,09:00~18:00,Dec-89,35.84223142,128.616423,2019-09-10
개방화장실,중동주민센터,"대구광역시 수성구 수성로50길 38, (중동)",대구광역시 수성구 중동 44-6,N,5,6,0,0,0,0,2,1,0,중동주민센터,053-666-3313,09:00~18:00,Mar-94,35.84734878,128.6151041,2019-09-10
개방화장실,수성구보건소,"대구광역시 수성구 수성로 213, (중동)",대구광역시 수성구 중동 266-5,N,18,23,10,0,0,0,40,0,0,수성구보건소,053-666-3111,09:00~18:00,Jul-83,35.8447846,128.6122124,2019-09-10
개방화장실,중동치안센터,"대구광역시 수성구 희망로 90, (중동)",대구광역시 수성구 중동 532-286,N,0,0,2,0,0,0,0,0,0,중동치안센터,053-766-0112,09:00~18:00,Dec-88,35.8470301,128.6086555,2019-09-10
개방화장실,상동주민센터,"대구광역시 수성구 들안로9길 56, (상동)",대구광역시 수성구 상동 400,N,2,2,1,0,0,0,4,0,0,상동주민센터,053-666-3798,09:00~18:00,Jul-18,35.83212348,128.6154591,2019-09-10
개방화장실,상동지구대,"대구광역시 수성구 들안로 54, (두산동)",대구광역시 수성구 두산동 138-8,N,1,2,1,0,0,0,0,1,0,상동지구대,053-600-6312,09:00~18:00,Nov-18,35.83451216,128.6172297,2019-09-10
개방화장실,파동우체국,"대구광역시 수성구 파동로 49, (파동)",대구광역시 수성구 파동 492-6,N,1,1,1,0,0,0,0,0,0,파동우체국,053-765-0114,09:00~18:00,Dec-87,35.80871978,128.6199697,2019-09-10
개방화장실,파동주민센터,"대구광역시 수성구 파동로 136, (파동)",대구광역시 수성구 파동 152-20,N,3,3,2,0,0,0,0,0,0,파동주민센터,053-666-3315,09:00~18:00,Oct-18,35.8155269,128.6152046,2019-09-10
개방화장실,파동파출소,"대구광역시 수성구 파동로2길 30, (파동)",대구광역시 수성구 파동 473-4,Y,1,1,1,0,0,0,0,0,0,파동파출소,053-600-6317,24시간,Sep-93,35.80860481,128.6213124,2019-09-10
개방화장실,두산동주민센터,"대구광역시 수성구 무학로 112, (두산동)",대구광역시 수성구 두산동 499-4,N,2,3,1,0,0,0,2,0,0,두산동주민센터,053-666-3316,09:00~18:00,Jul-18,35.8292435,128.6209285,2019-09-10
개방화장실,대구광역시보건환경연구원,"대구광역시 수성구 무학로 215, (지산동)",대구광역시 수성구 지산동 771,N,9,14,2,0,0,0,8,2,0,대구광역시보건환경연구원,053-760-1255,09:00~18:00,May-88,35.8301045,128.6326341,2019-09-10
개방화장실,수성119구조대,"대구광역시 수성구 지범로 151, (지산동)",대구광역시 수성구 지산동 1277-17,N,3,3,0,0,0,0,0,0,0,수성119구조대,053-781-9119,09:00~18:00,Oct-93,35.8233034,128.6370269,2019-09-10
개방화장실,한국환경공단 대구경북지역본부,"대구광역시 수성구 무학로 209, (지산동)",대구광역시 수성구 지산동 761-11,N,9,14,1,0,0,0,5,1,0,한국환경공단 대구경북지역본부,053-280-3886,09:00~18:00,Aug-89,35.83048959,128.6315396,2019-09-10
개방화장실,지산우체국,"대구광역시 수성구 지범로 149, (지산동)",대구광역시 수성구 지산동 1277-18,N,2,1,0,0,0,0,0,0,0,지산우체국,053-782-2314,09:00~18:00,Oct-91,35.8234174,128.6367401,2019-09-10
개방화장실,수성아트피아,"대구광역시 수성구 무학로 180, (지산동)",대구광역시 수성구 지산동 1137-3,N,27,39,4,0,0,0,45,2,0,수성문화재단(수성아트피아),053-668-1800,08:30~22:00,Aug-18,35.8295426,128.628415,2019-09-10
개방화장실,지산1동주민센터,"대구광역시 수성구 지범로21길 16, (지산동)",대구광역시 수성구 지산동 1280-2,N,10,6,0,0,0,0,10,0,1,지산1동주민센터,053-666-3855,09:00~21:00,Jan-89,35.8247805,128.6370564,2019-09-10
개방화장실,황금119안전센터,"대구광역시 수성구 동대구로12길 41, (지산동)",대구광역시 수성구 지산동 993-3,N,2,2,0,0,0,0,0,0,0,황금119안전센터,053-764-0119,09:00~18:00,Oct-86,35.8355187,128.6264323,2019-09-10
개방화장실,대구지방경찰청,"대구광역시 수성구 무학로 227, (지산동)",대구광역시 수성구 지산동 720,N,93,128,3,3,0,0,56,3,0,대구지방경찰청,053-804-2188,24시간,Mar-97,35.8294628,128.6343479,2019-09-10
개방화장실,지산2동주민센터,"대구광역시 수성구 용학로33길 9, (지산동)",대구광역시 수성구 지산동 1249-1,N,1,3,2,0,0,0,3,1,0,지산2동주민센터,053-666-3318,09:00~18:00,Oct-92,35.82312622,128.6280171,2019-09-10
개방화장실,지산2동치안센터,"대구광역시 수성구 용학로33길 15, (지산동)",대구광역시 수성구 지산동 1249,N,2,2,2,0,0,0,0,0,0,지산2동치안센터,053-781-0112,09:00~18:00,Nov-97,35.82333317,128.6281117,2019-09-10
개방화장실,범물우체국,"대구광역시 수성구 범안로16길 6, (범물동)",대구광역시 수성구 범물동 1321-5,N,1,1,0,0,0,0,1,0,0,범물우체국,053-784-9356,09:00~18:00,Dec-92,35.817809,128.6462897,2019-09-10
개방화장실,범물1동주민센터,"대구광역시 수성구 범안로 76, (범물동)",대구광역시 수성구 범물동 1321-3,N,2,2,1,1,0,0,4,0,0,범물1동주민센터,053-666-3909,09:00~18:00,Jul-92,35.8177491,128.6459685,2019-09-10
개방화장실,상동119안전센터,"대구광역시 수성구 파동로51길 5, (파동)",대구광역시 수성구 파동 616-5,N,3,4,0,0,0,0,0,0,0,상동119안전센터,053-765-0119,09:00~18:00,Oct-87,35.82509717,128.609373,2019-09-10
개방화장실,범물치안센터,"대구광역시 수성구 범안로 78, (범물동)",대구광역시 수성구 범물동 1321-4,N,1,2,1,0,0,0,0,0,0,범물치안센터,053-782-0112,09:00~18:00,Nov-97,35.8179333,128.6463017,2019-09-10
개방화장실,수성소방서.119구조대.범물119안전센터,"대구광역시 수성구 청호로 87, (범물동)",대구광역시 수성구 범물동 1259,N,2,5,1,0,0,0,2,0,0,수성소방서.119구조대.범물119안전센터,053-780-5200,09:00~18:00,Feb-18,35.82550081,128.6442386,2019-09-10
개방화장실,범물2동주민센터,"대구광역시 수성구 범안로 52, (범물동)",대구광역시 수성구 범물동 1374-1,N,3,4,0,0,0,0,5,0,0,범물2동주민센터,053-666-3320,09:00~18:00,Jun-00,35.81750129,128.6434434,2019-09-10
개방화장실,신매우체국,"대구광역시 수성구 달구벌대로 3182, (신매동)",대구광역시 수성구 신매동 566-1,N,2,2,0,0,0,0,2,0,0,신매우체국,053-793-6001,09:00~18:00,Dec-94,35.84050198,128.7046377,2019-09-10
개방화장실,고산1동주민센터,"대구광역시 수성구 달구벌대로 3260-2, (신매동)",대구광역시 수성구 신매동 193-1,N,2,3,1,0,0,0,2,0,0,고산1동주민센터,053-666-3321,09:00~18:00,Apr-89,35.8371318,128.7124229,2019-09-10
개방화장실,고산119안전센터,"대구광역시 수성구 고산로 105, (신매동)",대구광역시 수성구 신매동 566-2,N,2,3,0,0,0,0,1,0,0,고산119안전센터,053-791-7119,09:00~18:00,Dec-95,35.8403373,128.7045513,2019-09-10
개방화장실,고산1동치안센터,"대구광역시 수성구 신매로 86, (신매동)",대구광역시 수성구 신매동 578-7,N,1,0,1,0,0,0,0,0,0,고산1동치안센터,053-600-6301,09:00~18:00,Nov-97,35.83715901,128.7090204,2019-09-10
개방화장실,신매역,"대구광역시 수성구 달구벌대로 3188, (신매동)",대구광역시 수성구 신매동 567,N,4,7,1,1,0,0,11,1,0,대구도시철도공사,053-791-0898,05:30~24:00,Jan-18,35.84031802,128.7052185,2019-09-10
개방화장실,고산2동주민센터,"대구광역시 수성구 달구벌대로 3091, (시지동)",대구광역시 수성구 시지동 140-3,N,6,9,3,0,0,0,12,0,0,고산2동주민센터,053-666-3322,09:00~18:00,Jun-99,35.8435085,128.695184,2019-09-10
개방화장실,고산2동치안센터,"대구광역시 수성구 시지로 46, (시지동)",대구광역시 수성구 시지동 489-4,N,0,1,1,0,0,0,0,1,0,고산2동치안센터,053-600-6302,09:00~18:00,Jan-18,35.83965269,128.6941211,2019-09-10
개방화장실,고산역,,대구광역시 수성구 시지동 181,N,3,4,1,1,0,0,9,1,1,대구도시철도공사,053-791-0858,05:30~24:00,Jan-18,35.84373085,128.6902712,2019-09-10
개방화장실,대공원역,,대구광역시 수성구 연호동 186-5,N,6,10,2,2,0,0,18,2,2,대구도시철도공사,053-791-0881,05:30~24:00,Jan-18,35.8419183,128.680968,2019-09-10
개방화장실,연호역,"대구광역시 수성구 달구벌대로 2855, (연호동)",대구광역시 수성구 연호동 22-1,N,3,4,1,1,1,0,8,1,0,대구도시철도공사,053-791-0922,05:30~24:00,Dec-18,35.8470725,128.671304,2019-09-10
개방화장실,고산지구대,"대구광역시 수성구 고산로 150, (매호동)",대구광역시 수성구 매호동 1325-7,N,1,1,2,0,0,0,0,0,0,고산지구대,053-600-6303,09:00~18:00,Dec-18,35.84383457,128.7065117,2019-09-10
개방화장실,사월역,,대구광역시 수성구 사월동 407-4,N,5,8,2,2,0,0,15,2,1,대구도시철도공사,053-795-0767,05:30~24:00,Jan-18,35.83656497,128.7164645,2019-09-10
개방화장실,신매공원,,대구광역시 수성구 신매동 510-65,N,1,3,1,1,0,0,2,0,0,신매공원,053-666-2835,24시간,Dec-18,35.83378263,128.7038213,2019-09-10
개방화장실,매호공원,"대구광역시 수성구 천을로23길 5, (매호동)",대구광역시 수성구 매호동 1321,N,1,3,0,0,0,0,1,0,0,매호공원,053-666-2835,24시간,Dec-95,35.84463371,128.7039616,2019-09-10
개방화장실,노변공원,,대구광역시 수성구 시지동 501,N,1,1,1,1,0,0,1,1,0,노변공원,053-666-2835,24시간,Aug-18,35.83875924,128.6989727,2019-09-10
개방화장실,화랑공원,"대구광역시 수성구 만촌로 151, (만촌동)",대구광역시 수성구 만촌동 1417,N,2,3,1,1,0,0,3,0,0,화랑공원,053-666-2835,24시간,Jan-18,35.87213596,128.6393415,2019-09-10
개방화장실,지산어린이공원,,대구광역시 수성구 지산동 1013,N,1,1,0,0,0,0,1,0,0,지산어린이공원,053-666-2835,24시간,Mar-92,35.83500044,128.6273028,2019-09-10
개방화장실,범물어린이공원,,대구광역시 수성구 범물동 1376,N,1,2,0,0,0,0,2,0,0,범물어린이공원,053-666-2835,24시간,Jan-93,35.81717261,128.6442265,2019-09-10
개방화장실,수성유원지(지산하수처리장),"대구광역시 수성구 무학로 112, (두산동)",대구광역시 수성구 두산동 499-4,N,3,5,1,1,1,0,6,0,0,수성유원지(지산하수처리장),053-666-2835,24시간,Jun-18,35.8292435,128.6209285,2019-09-10
개방화장실,관계지어린이공원,,대구광역시 수성구 범물동 1367,N,1,2,0,0,0,0,2,0,0,관계지어린이공원,053-666-2835,24시간,Jan-93,35.81442027,128.6397889,2019-09-10
개방화장실,중앙어린이공원,,대구광역시 수성구 범물동 1348,N,1,2,0,0,0,0,2,0,0,중앙어린이공원,053-666-2835,24시간,Jan-93,35.81787799,128.6387322,2019-09-10
개방화장실,수성유원지(보트장쪽),,대구광역시 수성구 두산동 554-3,N,3,5,1,1,0,0,7,1,0,수성유원지(보트장쪽),053-666-2835,24시간,May-96,35.82644007,128.6181931,2019-09-10
개방화장실,수성유원지(삼풍아파트 동편),,대구광역시 수성구 두산동 산21-10,N,3,4,0,0,0,0,4,0,0,수성유원지(삼풍아파트 동편),053-666-2835,24시간,Jan-82,35.82483646,128.6145395,2019-09-10
개방화장실,수성유원지(구 충혼탑앞),,대구광역시 수성구 두산동 산21-13,Y,2,2,0,0,0,0,0,0,0,수성유원지(구 충혼탑앞),053-666-2835,24시간,Jan-82,35.82582061,128.6159637,2019-09-10
개방화장실,고산3동주민센터,"대구광역시 수성구 고산로 152, (매호동)",대구광역시 수성구 매호동 1325-6,N,2,3,1,0,0,0,3,0,0,고산3동주민센터,053-666-3973,09:00~18:00,Nov-96,35.8440476,128.7066132,2019-09-10
개방화장실,배수지어린이공원,,대구광역시 수성구 범물동 1302,N,1,2,0,0,0,0,2,0,0,배수지어린이공원,053-666-2835,24시간,Jan-93,35.81606017,128.6482787,2019-09-10
개방화장실,범물근린공원,"대구광역시 수성구 지범로 232, (범물동)",대구광역시 수성구 범물동 1328-2,N,1,2,1,1,0,0,1,0,0,범물근린공원,053-666-2835,24시간,Jan-93,35.81840305,128.6433622,2019-09-10
개방화장실,무학어린이공원,,대구광역시 수성구 지산동 1293,Y,1,2,0,0,0,0,0,0,0,무학어린이공원,053-666-2835,24시간,Mar-92,35.82500235,128.6396969,2019-09-10
개방화장실,지산근린공원,"대구광역시 수성구 용학로 267, (지산동)",대구광역시 수성구 지산동 1274,N,1,2,0,0,0,0,2,0,0,지산근린공원,053-666-2835,24시간,Nov-92,35.82093041,128.6376168,2019-09-10
개방화장실,에덴공원,,대구광역시 수성구 지산동 1272-1,N,1,2,1,0,0,0,3,1,0,에덴공원,053-666-2835,24시간,Jun-18,35.82156181,128.6324204,2019-09-10
개방화장실,화성공원,,대구광역시 수성구 지산동 1256,Y,1,2,0,0,0,0,0,0,0,화성공원,053-666-2835,24시간,Aug-92,35.82542662,128.6293523,2019-09-10
개방화장실,시민공원,,대구광역시 수성구 범어동 산228-1,N,2,2,0,0,0,0,0,0,0,시민공원,053-666-2835,24시간,Jan-00,35.86328306,128.6309144,2019-09-10
개방화장실,용두골공중화장실,,대구광역시 수성구 파동 산65,N,0,0,1,1,0,0,1,1,0,앞산공원관리사무소,053-803-5465,24시간,Jan-82,35.8093429,128.6074045,2019-09-10
개방화장실,지산지구대,"대구광역시 수성구 지범로 155, (지산동)",대구광역시 수성구 지산동 1277-16,N,2,2,2,0,0,0,2,1,0,지산지구대,053-600-6315,09:00~18:00,Jan-92,35.82312295,128.6371806,2019-09-10
개방화장실,용학도서관,"대구광역시 수성구 지범로41길 36, (범물동)",대구광역시 수성구 범물동 1283-1,N,12,18,6,0,0,0,24,6,0,용학도서관,053-782-9600,09:00~18:00,Feb-18,35.82120933,128.6461294,2019-09-10
공중화장실,홈플러스대구스타디움 고객화장실,"대구광역시 수성구 유니버시아드로 140, (대흥동)",대구광역시 수성구 대흥동 504,N,3,2,1,1,0,1,6,1,0,홈플러스대구스타디움 고객화장실,053-664-8124,10:00~24:00,Dec-18,35.83166106,128.6873219,2019-09-10
개방화장실,영광메디칼빌딩,"대구광역시 수성구 달구벌대로 2296, (수성동1가)",대구광역시 수성구 수성동1가 45-2,N,12,12,1,0,0,0,12,1,0,영광메디칼빌딩,053-741-0009,09:00~18:00,Oct-18,35.8595035,128.6135341,2019-09-10
개방화장실,두산문화센터,"대구광역시 수성구 들안로16길 78, (두산동)",대구광역시 수성구 두산동 30,N,9,15,1,1,0,0,8,1,0,두산문화센터,053-666-2542,09:00~18:00,Jan-18,35.83920303,128.6183376,2019-09-10
공중화장실,홈플러스수성점,"대구광역시 수성구 동대구로 95, (두산동, 수성SK리더스뷰)",대구광역시 수성구 두산동 113 수성SK리더스뷰,N,7,10,1,0,0,0,17,1,0,홈플러스수성점,053-760-8000,09:00~24:00,Sep-18,35.83871,128.6230423,2019-09-10
개방화장실,대구미술관(전시동),"대구광역시 수성구 미술관로 40, (삼덕동)",대구광역시 수성구 삼덕동 374,N,8,11,2,0,2,0,18,2,4,대구미술관(전시동),053-790-3000,09:00~18:00,Mar-18,35.8276258,128.6739499,2019-09-10
공중화장실,들안길초등학교,"대구광역시 수성구 들안로16길 58, (두산동)",대구광역시 수성구 두산동 28-2,N,28,45,8,0,4,0,72,4,2,들안길초등학교,053-232-5520,09:00~18:00,Aug-18,35.8389175,128.6184115,2019-09-10
개방화장실,수성구청소년수련원,"대구광역시 수성구 진밭길 409, (범물동)",대구광역시 수성구 범물동 1118-1,N,2,1,1,1,0,0,8,2,0,수성구청소년수련원,053-784-1318,09:00~18:00,Feb-18,35.79910877,128.6723703,2019-09-10
개방화장실,수성패밀리파크,"대구광역시 수성구 팔현길 88-46, (고모동)",대구광역시 수성구 고모동 20-1,N,5,0,3,3,0,2,10,3,0,수성패밀리파크,053-666-2835,24시간,Apr-18,35.8712637,128.6730504,2019-09-10
개방화장실,무열로119안전센터,"대구광역시 수성구 무열로 139, (만촌동)",대구광역시 수성구 만촌동 678-81,N,2,1,0,0,0,0,1,0,0,무열로119안전센터,053-741-0119,09:00~18:00,May-91,35.8706983,128.648153,2019-09-10
개방화장실,범어도서관,"대구광역시 수성구 달구벌대로 2451, (범어동)",대구광역시 수성구 범어동 405-16,N,15,11,6,0,1,0,36,6,1,범어도서관,053-668-1600,09:00~18:00,Apr-18,35.85937259,128.6306729,2019-09-10
개방화장실,만촌지구대,"대구광역시 수성구 무열로 111, (만촌동)",대구광역시 수성구 만촌동 977-11,N,2,4,1,1,0,0,2,1,0,만촌지구대,053-600-6305,24시간,Nov-95,35.8683077,128.6488597,2019-09-10
개방화장실,만촌1동치안센터,"대구광역시 수성구 무열로 196, (만촌동)",대구광역시 수성구 만촌동 370-6,N,2,4,1,1,0,0,1,1,0,만촌지구대,053-600-6304,09:00~18:00,Sep-18,35.87504366,128.6464454,2019-09-10
개방화장실,수성시장역,"대구광역시 수성구 명덕로 420, (수성동2가)",대구광역시 수성구 수성동2가 59-1,N,2,2,1,1,0,0,5,1,1,대구도시철도공사,053-640-7581,05:30~24:00,Apr-18,35.85426618,128.6160181,2019-09-10
개방화장실,수성구민운동장역,"대구광역시 수성구 동대구로 248, (범어동)",대구광역시 수성구 범어동 690,N,2,2,1,1,0,0,5,1,1,대구도시철도공사,053-640-7581,05:30~24:00,Apr-18,35.85244227,128.625348,2019-09-10
개방화장실,어린이회관역,"대구광역시 수성구 동대구로 166, (황금동)",대구광역시 수성구 황금동 908,N,2,2,1,1,0,0,5,1,1,대구도시철도공사,053-640-7611,05:30~24:00,Apr-18,35.84508112,128.6248363,2019-09-10
개방화장실,황금역,"대구광역시 수성구 동대구로 100, (두산동)",대구광역시 수성구 두산동 968,N,2,2,1,1,0,0,5,1,1,대구도시철도공사,053-640-7611,05:30~24:00,Apr-18,35.83918923,128.6242971,2019-09-10
개방화장실,수성못역,"대구광역시 수성구 동대구로 14, (지산동)",대구광역시 수성구 지산동 1086,N,2,2,1,1,0,0,5,1,1,대구도시철도공사,053-640-7611,05:30~24:00,Apr-18,35.8371472,128.6273862,2019-09-10
개방화장실,지산역,"대구광역시 수성구 지범로 100, (지산동)",대구광역시 수성구 지산동 1257-3,N,3,2,1,1,1,0,5,1,0,대구도시철도공사,053-640-7611,05:30~24:00,Apr-18,35.8232445,128.6336788,2019-09-10
개방화장실,범물역,"대구광역시 수성구 지범로 194, (범물동)",대구광역시 수성구 범물동 1325,N,3,2,1,1,1,0,5,1,0,대구도시철도공사,053-640-7611,05:30~24:00,Apr-18,35.820856,128.64011,2019-09-10
개방화장실,파동어린이도서관(건물2층),"대구광역시 수성구 파동로 102, (파동)",대구광역시 수성구 파동 201-19,N,1,1,0,0,0,0,1,0,0,파동어린이도서관(건물2층),053-668-1801,09:00~18:00,Jul-18,35.81288063,128.617114,2019-09-10
개방화장실,용지역,"대구광역시 수성구 범안로 83, (범물동)",대구광역시 수성구 범물동 1287-2,N,3,2,1,1,1,0,5,1,0,대구도시철도공사,053-640-7611,05:30~24:00,Apr-18,35.818285,128.64653,2019-09-10
개방화장실,고산도서관,"대구광역시 수성구 달구벌대로650길 6, (신매동)",대구광역시 수성구 신매동 571-1,N,6,8,1,1,1,1,14,1,0,고산도서관,053-668-1900,09:00~18:00,Dec-18,35.8378178,128.7106321,2019-09-10
개방화장실,고산건강생활지원센터,"대구광역시 수성구 욱수천로 99, (신매동)",대구광역시 수성구 신매동 170-2,N,4,8,4,0,0,0,12,4,0,고산건강생활지원센터,053-666-3160,09:00~18:00,Jan-18,35.83699223,128.7128266,2019-09-10
개방화장실,수성국민체육센터,"대구광역시 수성구 동대구로50길 121-10, (범어동)",대구광역시 수성구 범어동 산176-1,N,3,3,2,2,0,0,8,2,0,수성국민체육센터,053-666-2192,09:00~18:00,Aug-18,35.84831469,128.6304191,2019-09-10
개방화장실,대구육상진흥센터,"대구광역시 수성구 미술관로 88, (삼덕동)",대구광역시 수성구 삼덕동 302-5,N,37,36,6,8,0,0,104,6,0,육상진흥센터,053-790-4013,09:00~18:00,Dec-18,35.82827371,128.6791246,2019-09-10
개방화장실,시민생활스포츠센터,"대구광역시 수성구 미술관로 88, (삼덕동)",대구광역시 수성구 삼덕동 302-5,N,2,1,2,3,0,0,3,5,0,육상진흥센터,053-790-4013,09:00~18:00,Dec-18,35.82827371,128.6791246,2019-09-10
공중화장실,창성빌딩,"대구광역시 수성구 달구벌대로 3206, (신매동)",대구광역시 수성구 신매동 567-16,N,14,15,2,0,0,0,19,1,0,창성빌딩,053-793-9941,09:00~18:00,Aug-18,35.8398231,128.7073502,2019-09-10
공중화장실,한국광유㈜사월주유소,"대구광역시 수성구 달구벌대로 3300, (신매동)",대구광역시 수성구 신매동 10-13,N,2,2,0,0,0,0,2,0,0,한국광유㈜사월주유소,053-811-7009,06:00~23:00,Jan-95,35.83633813,128.716717,2019-09-10
공중화장실,신매초등학교,"대구광역시 수성구 달구벌대로650길 26, (신매동)",대구광역시 수성구 신매동 583,N,15,45,8,1,0,0,26,9,0,신매초등학교,053-232-4280,09:00~18:00,Oct-93,35.8365523,128.7092701,2019-09-10
공중화장실,사월초등학교,"대구광역시 수성구 달구벌대로656길 46, (신매동)",대구광역시 수성구 신매동 57-1,N,36,49,1,1,5,5,86,1,0,사월초등학교,053-232-5242,08:00~18:00,Jan-18,35.8337544,128.7153269,2019-09-10
공중화장실,시지중학교,"대구광역시 수성구 신매로 66, (신매동)",대구광역시 수성구 신매동 583-1,N,24,47,2,0,0,0,60,1,0,시지중학교,053-790-7790,09:00~18:00,Dec-97,35.83551915,128.7089283,2019-09-10
공중화장실,시지고등학교,"대구광역시 수성구 신매로 6, (신매동)",대구광역시 수성구 신매동 602-1,N,38,47,1,1,0,0,62,1,0,시지고등학교,053-231-4684,09:00~18:00,Oct-99,35.8301023,128.7073858,2019-09-10
공중화장실,욱수초등학교,"대구광역시 수성구 신매로 20, (신매동)",대구광역시 수성구 신매동 602,N,23,58,1,0,0,0,54,1,0,욱수초등학교,053-232-4400,09:00~18:00,Dec-95,35.831085,128.7075177,2019-09-10
공중화장실,천주성삼병원,"대구광역시 수성구 달구벌대로 3190, (신매동)",대구광역시 수성구 신매동 567-9,N,13,16,5,1,0,0,15,5,0,천주성삼병원,053-790-1000,24시간,Jan-18,35.84022496,128.7057158,2019-09-10
공중화장실,대구은행시지점,"대구광역시 수성구 달구벌대로 3196, (신매동)",대구광역시 수성구 신매동 567-10,N,2,3,0,0,0,0,3,0,0,대구은행시지점,053-804-4568,09:00~16:00,Aug-96,35.84013216,128.7061689,2019-09-10
공중화장실,이마트시지점,"대구광역시 수성구 고산로 101, (신매동)",대구광역시 수성구 신매동 566-3,N,6,8,1,0,0,0,7,1,0,이마트시지점,053-718-1100,10:00~24:00,Aug-00,35.8393452,128.7040625,2019-09-10
공중화장실,아레나스포츠센터,"대구광역시 수성구 달구벌대로 3188, (신매동)",대구광역시 수성구 신매동 567,N,34,15,0,0,3,0,21,0,2,아레나스포츠센터,053-792-6000,09:00~18:00,May-98,35.84031802,128.7052185,2019-09-10
공중화장실,덕원중학교,"대구광역시 수성구 욱수길 37, (욱수동)",대구광역시 수성구 욱수동 81,N,19,27,4,3,0,0,22,4,0,덕원중학교,053-232-8553,08:20~16:00,Dec-18,35.8254155,128.7066296,2019-09-10
공중화장실,덕원고등학교,"대구광역시 수성구 욱수길 37, (욱수동)",대구광역시 수성구 욱수동 81,N,33,86,3,0,0,0,72,2,0,덕원고등학교,053-235-5442,09:00~18:00,Feb-18,35.8254155,128.7066296,2019-09-10
개방화장실,대구시시지노인병원,"대구광역시 수성구 유니버시아드로 365, (욱수동)",대구광역시 수성구 욱수동 48-1,N,4,11,3,0,0,0,13,1,0,대구시시지노인병원,053-812-1212,24시간,Jun-18,35.8290908,128.7105071,2019-09-10
공중화장실,근토빌딩,"대구광역시 수성구 고산로 98, (신매동)",대구광역시 수성구 신매동 567-3,N,6,8,2,0,0,0,8,2,0,근토빌딩,053-791-7667,09:00~18:00,Jan-18,35.83943698,128.7048344,2019-09-10
공중화장실,M타워,"대구광역시 수성구 달구벌대로 3210, (신매동)",대구광역시 수성구 신매동 567-17,N,15,16,1,0,0,0,22,1,0,M타워,053-793-1804,09:00~18:00,Jul-18,35.83960963,128.7076586,2019-09-10
공중화장실,노변주유소,"대구광역시 수성구 달구벌대로 3142, (노변동)",대구광역시 수성구 노변동 4,N,1,2,0,0,0,0,2,0,0,노변주유소,053-791-5493,05:30~24:00,Dec-18,35.8414339,128.7004366,2019-09-10
공중화장실,대구자연과학고,"대구광역시 수성구 달구벌대로 3170, (노변동)",대구광역시 수성구 노변동 387,N,44,70,10,0,0,0,55,4,0,대구자연과학고,053-231-8014,09:00~18:00,Dec-79,35.8352656,128.7010066,2019-09-10
공중화장실,노변중학교,"대구광역시 수성구 시지로 66, (노변동)",대구광역시 수성구 노변동 569,N,42,75,0,0,0,0,84,1,0,노변중학교,053-232-8040,09:00~18:00,Feb-18,35.8382794,128.694351,2019-09-10
공중화장실,청림초등학교,"대구광역시 수성구 고산로 51, (노변동)",대구광역시 수성구 노변동 367-2,N,52,68,1,1,2,0,84,0,0,청림초등학교,053-232-5166,09:00~18:00,Sep-18,35.8354899,128.7034979,2019-09-10
공중화장실,청곡종합사회복지관,"대구광역시 수성구 노변공원로 49-1, (노변동)",대구광역시 수성구 노변동 161-4,N,6,7,10,0,0,0,6,5,0,청곡종합사회복지관,053-791-9411,08:30~20:00,May-18,35.83761746,128.6985754,2019-09-10
개방화장실,대구스타디움(주경기장),"대구광역시 수성구 유니버시아드로 140, (대흥동)",대구광역시 수성구 대흥동 504,N,174,543,41,41,0,0,191,36,0,체육시설관리사무소,053-602-2042,09:00~18:00,Jul-18,35.83166106,128.6873219,2019-09-10
개방화장실,대구스타디움(보조경기장),"대구광역시 수성구 유니버시아드로 140, (대흥동)",대구광역시 수성구 대흥동 504,N,4,9,1,0,0,0,7,1,0,대구스타디움(보조경기장),053-602-2042,18:00~23:00,Jul-18,35.83166106,128.6873219,2019-09-10
개방화장실,대구스타디움(제1주차장),"대구광역시 수성구 유니버시아드로 140, (대흥동)",대구광역시 수성구 대흥동 504,N,3,6,1,1,0,0,5,1,0,대구스타디움(제1주차장),053-602-2042,24시간,Jul-18,35.83166106,128.6873219,2019-09-10
개방화장실,대구스타디움(제2주차장),"대구광역시 수성구 유니버시아드로 140, (대흥동)",대구광역시 수성구 대흥동 504,N,3,6,1,1,0,0,5,1,0,대구스타디움(제2주차장),053-602-2042,24시간,Jul-18,35.83166106,128.6873219,2019-09-10
개방화장실,대구스타디움(종합안내소),"대구광역시 수성구 유니버시아드로 140, (대흥동)",대구광역시 수성구 대흥동 504,N,3,6,1,1,0,0,5,1,0,대구스탸디움(종합안내소),053-602-2042,24시간,Jul-18,35.83166106,128.6873219,2019-09-10
개방화장실,대구스타디움(야외공연장,"대구광역시 수성구 유니버시아드로 140, (대흥동)",대구광역시 수성구 대흥동 504,N,3,6,1,1,0,0,5,1,0,대구스타디움(야외공연장,053-602-2042,24시간,Jul-18,35.83166106,128.6873219,2019-09-10
개방화장실,대구스타디움(수변건물),"대구광역시 수성구 유니버시아드로 140, (대흥동)",대구광역시 수성구 대흥동 504,N,12,13,1,2,0,0,11,1,0,대구스타디움(수변건물),053-602-2042,24시간,Jul-18,35.83166106,128.6873219,2019-09-10
개방화장실,대구스타디움 간이화장실(1),"대구광역시 수성구 유니버시아드로 140, (대흥동)",대구광역시 수성구 대흥동 504,N,1,1,1,0,0,0,1,0,0,대구스타디움 간이화장실(1),053-602-2042,24시간,Jan-18,35.83166106,128.6873219,2019-09-10
개방화장실,대구스타디움 간이화장실(2),"대구광역시 수성구 유니버시아드로 140, (대흥동)",대구광역시 수성구 대흥동 504,N,1,2,0,0,0,0,2,0,0,대구스타디움 간이화장실(2),053-602-2042,24시간,Jan-18,35.83166106,128.6873219,2019-09-10
개방화장실,대구스타디움 간이화장실(3),"대구광역시 수성구 유니버시아드로 140, (대흥동)",대구광역시 수성구 대흥동 504,N,1,1,0,0,0,0,1,0,0,대구스타디움 간이화장실(3),053-602-2042,24시간,Jan-18,35.83166106,128.6873219,2019-09-10
공중화장실,화남주유소,"대구광역시 수성구 달구벌대로 3063, (시지동)",대구광역시 수성구 시지동 170-5,Y,2,2,0,0,0,0,0,0,0,화남주유소,053-791-8900,06:00~24:00,Oct-92,35.84335144,128.6920084,2019-09-10
공중화장실,노변초등학교,"대구광역시 수성구 노변공원로 52, (시지동)",대구광역시 수성구 시지동 497,N,26,66,2,1,0,0,48,1,0,노변초등학교,053-232-4540,09:00~17:00,Sep-96,35.8376255,128.6975583,2019-09-10
공중화장실,고산초등학교,"대구광역시 수성구 달구벌대로 3067, (시지동)",대구광역시 수성구 시지동 161-1,N,28,88,6,0,0,0,56,3,0,고산초등학교,053-790-9000,09:00~18:00,Jan-77,35.8443168,128.6931514,2019-09-10
공중화장실,고산중학교,"대구광역시 수성구 천을로 71, (시지동)",대구광역시 수성구 시지동 62,N,35,59,4,4,0,0,55,0,0,고산중학교,053-232-7500,08:00~18:00,Apr-18,35.84528653,128.6989991,2019-09-10
공중화장실,파티마여성병원,"대구광역시 수성구 달구벌대로 3119, (시지동)",대구광역시 수성구 시지동 266-8,N,3,0,2,2,0,0,7,0,0,파티마여성병원,053-790-9488,09:00~18:00,Mar-18,35.84283694,128.6983333,2019-09-10
공중화장실,연호주유소,"대구광역시 수성구 달구벌대로 2858, (연호동)",대구광역시 수성구 연호동 73,N,1,1,0,0,0,0,1,0,0,연호주유소,053-791-9211,06:00~23:00,Oct-95,35.84656129,128.6711662,2019-09-10
공중화장실,수성셀프주유소,"대구광역시 수성구 달구벌대로 2938, (연호동)",대구광역시 수성구 연호동 170-2,N,1,1,0,0,0,0,1,0,0,수성셀프주유소,053-247-0051,06:00~23:00,Dec-95,35.84288702,128.6786184,2019-09-10
공중화장실,그린주유소,"대구광역시 수성구 달구벌대로 2899, (연호동)",대구광역시 수성구 연호동 154-94,N,3,1,0,0,0,0,0,0,0,그린주유소,053-792-0891,06:00~23:00,Feb-96,35.8451847,128.6755495,2019-09-10
개방화장실,연호게이트볼장,"대구광역시 수성구 달구벌대로569길 10, (연호동)",대구광역시 수성구 연호동 24,N,1,0,0,0,0,0,1,0,0,연호게이트볼장,053-666-2183,09:00~18:00,Jan-00,35.8475023,128.6721262,2019-09-10
공중화장실,대구매호초등학교,"대구광역시 수성구 달구벌대로647길 30, (매호동)",대구광역시 수성구 매호동 611-1,N,24,78,3,1,0,0,57,5,0,대구매호초등학교,053-790-1906,08:30~16:30,Feb-97,35.84150307,128.7124594,2019-09-10
공중화장실,매호중학교,"대구광역시 수성구 천을로 106, (매호동)",대구광역시 수성구 매호동 1332,N,23,39,4,0,0,0,36,0,0,매호중학교,053-232-7391,09:00~18:00,May-92,35.8439206,128.7022833,2019-09-10
공중화장실,시지초등학교,"대구광역시 수성구 달구벌대로631길 17, (매호동)",대구광역시 수성구 매호동 1332-1,N,25,61,5,5,1,2,59,6,2,시지초등학교,053-232-4312,06:00~19:00,Oct-94,35.8437252,128.7035031,2019-09-10
공중화장실,매동초등학교,"대구광역시 수성구 천을로31길 16, (매호동)",대구광역시 수성구 매호동 1010,N,26,34,1,1,0,0,62,1,0,매동초등학교,053-232-5370,08:30-16:00,Jan-18,35.84503672,128.7092123,2019-09-10
공중화장실,대한주유소,"대구광역시 수성구 달구벌대로 3322, (신매동)",대구광역시 수성구 신매동 10-40,N,1,2,0,0,0,0,1,0,0,대한주유소,053-814-0088,06:00~23:00,Nov-83,35.8359349,128.7190634,2019-09-10
공중화장실,보람365일 할인주유소,"대구광역시 수성구 달구벌대로 3299, (사월동)",대구광역시 수성구 사월동 411-5,Y,1,2,0,0,0,0,0,0,0,보람365일 할인주유소,053-793-9335,24시간,Mar-95,35.83711236,128.7168679,2019-09-10
공중화장실,부강주유소,"대구광역시 수성구 달구벌대로 3297, (사월동)",대구광역시 수성구 사월동 409-1,N,1,2,0,0,0,0,1,0,0,부강주유소,053-815-9040,24시간,Aug-94,35.8372221,128.7166032,2019-09-10
공중화장실,대경주유소,"대구광역시 수성구 달구벌대로 3219, (신매동)",대구광역시 수성구 신매동 365-1,N,2,2,0,0,0,0,1,0,0,대경주유소,053-792-0612,24시간,May-94,35.8399727,128.7087633,2019-09-10
개방화장실,동신주유소,"대구광역시 수성구 청수로 94, (두산동)",대구광역시 수성구 두산동 8,N,1,1,0,0,0,0,0,0,0,동신주유소,053-768-8383,06:00~23:00,Jun-94,35.8399181,128.6184303,2019-09-10
공중화장실,큰믿음주유소,"대구광역시 수성구 지범로 50, (두산동)",대구광역시 수성구 두산동 740-9,N,2,2,0,0,0,0,1,0,0,큰믿음주유소,053-783-6886,06:00~23:00,Dec-94,35.82607536,128.6259486,2019-09-10
공중화장실,두산주유소,"대구광역시 수성구 지범로 43-5, (두산동)",대구광역시 수성구 두산동 739-7,N,1,2,0,0,0,0,1,0,0,두산주유소,053-782-5180,06:00~23:00,Aug-88,35.82691067,128.6265086,2019-09-10
공중화장실,불교한방병원,"대구광역시 수성구 용학로25길 6, (두산동)",대구광역시 수성구 두산동 745-6,N,6,10,0,0,0,0,12,0,0,불교한방병원,053-780-1010,09:00~18:00,Aug-96,35.82399337,128.6242057,2019-09-10
공중화장실,㈜대구방송TBC,"대구광역시 수성구 동대구로 23, (두산동)",대구광역시 수성구 두산동 201-9,N,27,27,1,1,0,0,17,1,0,㈜대구방송TBC,053-760-1893,07:50~18:30,Jun-94,35.83230375,128.6224447,2019-09-10
공중화장실,동대구가스충전소,"대구광역시 수성구 국채보상로 913, (만촌동)",대구광역시 수성구 만촌동 416-8,N,2,2,1,0,0,0,2,1,0,동대구가스충전소,053-756-0401,24시간,Apr-18,35.8671004,128.6304905,2019-09-10
공중화장실,메트로팔레스주유소,"대구광역시 수성구 화랑로 20, (만촌동)",대구광역시 수성구 만촌동 414-18,N,1,1,0,0,0,0,1,0,0,메트로팔레스주유소,053-754-1001,06:00~24:00,Oct-18,35.86819261,128.6314184,2019-09-10
공중화장실,흥구석유(주)만촌주유소,"대구광역시 수성구 화랑로 170, (만촌동)",대구광역시 수성구 만촌동 1331-13,N,2,2,0,0,0,0,2,0,0,흥구석유(주)만촌주유소,053-743-3514,06:00~23:00,Jan-97,35.8757781,128.6444557,2019-09-10
공중화장실,무열로주유소,"대구광역시 수성구 무열로 181, (만촌동)",대구광역시 수성구 만촌동 617-14,N,2,2,0,0,0,0,2,0,0,무열로주유소,053-754-5915,05:00~24:00,Jul-94,35.8740809,128.6461386,2019-09-10
공중화장실,경북광유㈜중앙2주유소,"대구광역시 수성구 화랑로 138, (만촌동)",대구광역시 수성구 만촌동 1330-4,N,3,0,0,0,0,0,2,0,0,경북광유㈜중앙2주유소,053-745-0049,06:00~23:00,Apr-96,35.87410505,128.6416426,2019-09-10
공중화장실,대구동부중학교,"대구광역시 수성구 화랑로32길 74, (만촌동)",대구광역시 수성구 만촌동 645-1,N,31,36,4,4,0,0,53,4,0,대구동부중학교,053-232-7065,09:00~18:00,Dec-80,35.87251398,128.6443175,2019-09-10
공중화장실,중앙초등학교,"대구광역시 수성구 만촌로 125, (만촌동)",대구광역시 수성구 만촌동 1425,N,34,51,4,0,0,0,50,1,0,중앙초등학교,053-232-4905,09:00~18:00,Feb-18,35.8697393,128.6404181,2019-09-10
공중화장실,동문고등학교,"대구광역시 수성구 효행로 17, (만촌동)",대구광역시 수성구 만촌동 80-4,N,27,48,4,0,0,0,52,1,0,동문고등학교,053-231-6200,09:00~18:00,Feb-18,35.8771932,128.6509745,2019-09-10
공중화장실,동원중학교,"대구광역시 수성구 효행로2길 81, (만촌동)",대구광역시 수성구 만촌동 254,N,17,27,0,0,0,0,33,1,0,동원중학교,053-954-3855,09:00~19:00,Dec-84,35.8753021,128.6513212,2019-09-10
공중화장실,동문초등학교,"대구광역시 수성구 효행로2길 111, (만촌동)",대구광역시 수성구 만촌동 262,N,17,23,2,0,0,0,27,1,0,동문초등학교,053-957-0523,09:00~18:00,May-83,35.87485823,128.6521182,2019-09-10
공중화장실,만촌시장,"대구광역시 수성구 무열로29길 24, (만촌동)",대구광역시 수성구 만촌동 640-1,N,2,2,2,0,0,0,3,0,0,만촌시장,053-745-7237,09:00~18:00,Jan-00,35.871827,128.6464214,2019-09-10
개방화장실,만촌자전거경기장,"대구광역시 수성구 팔현길 241, (만촌동)",대구광역시 수성구 만촌동 57,N,6,18,3,3,0,0,11,2,0,만촌자전거경기장,053-955-2006,24시간,Oct-92,35.8732591,128.6577318,2019-09-10
개방화장실,만촌인라인롤러경기장,"대구광역시 수성구 팔현길 241, (만촌동)",대구광역시 수성구 만촌동 57,N,4,5,1,1,0,0,3,1,0,만촌인라인롤러경기장,053-959-9212,09:00~18:00,Jan-92,35.8732591,128.6577318,2019-09-10
공중화장실,동원빌딩,"대구광역시 수성구 화랑로 150, (만촌동)",대구광역시 수성구 만촌동 1331-1,N,8,8,0,0,0,0,8,0,0,동원빌딩,053-744-8804,09:00~18:00,Jan-87,35.874778,128.6425428,2019-09-10
공중화장실,㈜일선 이주빌딩,"대구광역시 수성구 화랑로 68, (만촌동)",대구광역시 수성구 만촌동 1325-60,N,14,20,0,0,0,0,14,0,0,㈜일선 이주빌딩,053-752-0728,09:00~18:00,Jan-18,35.87144748,128.6346225,2019-09-10
공중화장실,지노메디여성병원,"대구광역시 수성구 화랑로 58, (만촌동)",대구광역시 수성구 만촌동 1356-17,N,7,7,1,0,0,0,12,1,0,지노메디여성병원,053-757-2042,09:00~18:00,May-18,35.87081097,128.6339752,2019-09-10
개방화장실,차량등록사업소,"대구광역시 수성구 동원로 84, (만촌동)",대구광역시 수성구 만촌동 1429-9,N,7,9,1,0,0,0,9,0,0,차량등록사업소,053-749-1012,09:00~18:00,Dec-18,35.86663419,128.6397552,2019-09-10
개방화장실,수성도서관,"대구광역시 수성구 만촌로 151, (만촌동)",대구광역시 수성구 만촌동 1417,N,14,25,2,2,1,0,14,2,0,수성도서관,053-231-2500,07:00~22:00,Dec-88,35.87213596,128.6393415,2019-09-10
공중화장실,청기와주유소,"대구광역시 수성구 화랑로 222, (만촌동)",대구광역시 수성구 만촌동 132-3,N,1,3,0,0,0,0,1,0,0,청기와주유소,053-941-4422,06:00~23:00,Mar-95,35.87784868,128.6494252,2019-09-10
공중화장실,이마트만촌점,"대구광역시 수성구 동원로 136, (만촌동)",대구광역시 수성구 만촌동 1356-5,N,17,24,1,0,0,0,34,1,6,이마트만촌점,053-602-1234,09:00~18:00,Feb-18,35.8711227,128.6372145,2019-09-10
공중화장실,담티주유소,"대구광역시 수성구 달구벌대로 2689, (만촌동)",대구광역시 수성구 만촌동 754-4,N,1,2,0,0,0,0,1,0,0,담티주유소,053-745-5189,06:00~23:00,Apr-18,35.85445322,128.6556399,2019-09-10
공중화장실,샛별주유소,"대구광역시 수성구 무열로 73, (만촌동)",대구광역시 수성구 만촌동 994-40,N,1,2,0,0,0,0,1,0,0,샛별주유소,053-742-9666,06:00~23:00,Jan-95,35.86506974,128.6492012,2019-09-10
공중화장실,만촌초등학교,"대구광역시 수성구 국채보상로214길 33, (만촌동)",대구광역시 수성구 만촌동 980,N,12,23,3,0,0,0,25,1,0,만촌초등학교,053-232-2010,09:00~18:00,Apr-79,35.8671161,128.6480386,2019-09-10
공중화장실,동원초등학교,"대구광역시 수성구 국채보상로 1000, (만촌동)",대구광역시 수성구 만촌동 934,N,15,39,3,3,0,0,22,0,0,동원초등학교,053-232-2188,08:30~16:30,Sep-79,35.8652762,128.6400323,2019-09-10
공중화장실,청구시장,"대구광역시 수성구 만촌로 66, (만촌동)",대구광역시 수성구 만촌동 984-1,N,4,4,0,0,0,0,4,0,0,청구시장,053-759-0409,09:00~18:00,Dec-79,35.8650081,128.6443364,2019-09-10
공중화장실,유성빌딩,"대구광역시 수성구 달구벌대로 2619, (만촌동)",대구광역시 수성구 만촌동 927-3,N,14,20,0,0,0,0,14,0,0,유성빌딩,053-759-1151,09:00~18:00,Sep-18,35.85786904,128.6489408,2019-09-10
공중화장실,수성메트로병원,"대구광역시 수성구 무열로 5, (만촌동)",대구광역시 수성구 만촌동 1037-9,N,13,12,5,0,0,0,11,4,0,수성메트로병원,053-740-7100,24시간,Jul-18,35.8594036,128.6460191,2019-09-10
개방화장실,장애인재활센터,"대구광역시 수성구 무열로 85, (만촌동)",대구광역시 수성구 만촌동 978-10,N,1,2,3,0,0,0,3,1,0,장애인재활센터,053-759-0770,09:00~18:00,Dec-18,35.8660048,128.6492063,2019-09-10
공중화장실,에스제이주유소,"대구광역시 수성구 달구벌대로 2650, 7호 (만촌동)",대구광역시 수성구 만촌동 854-4 7호,N,2,2,0,0,0,0,0,0,0,에스제이주유소,053-751-5151,06:00~23:00,May-97,35.85565652,128.6513917,2019-09-10
공중화장실,한국광유㈜ 남부주유소,"대구광역시 수성구 달구벌대로 2626, (만촌동)",대구광역시 수성구 만촌동 853,N,1,2,0,0,0,0,1,0,0,한국광유㈜ 남부주유소,053-754-4451,24시간,Dec-96,35.8567637,128.6495342,2019-09-10
공중화장실,대륜고등학교,"대구광역시 수성구 달구벌대로 2700, (만촌동)",대구광역시 수성구 만촌동 산241,N,85,140,5,3,0,0,4,0,0,대륜고등학교,053-235-4303,09:00~18:00,Dec-88,35.8522319,128.6559927,2019-09-10
공중화장실,대륜중학교,"대구광역시 수성구 달구벌대로 2700, (만촌동)",대구광역시 수성구 만촌동 산241,N,29,52,6,0,0,0,0,2,0,대륜중학교,053-232-8380,09:00~18:00,Dec-88,35.8522319,128.6559927,2019-09-10
공중화장실,오성고등학교,"대구광역시 수성구 달구벌대로522길 78, (만촌동)",대구광역시 수성구 만촌동 1070,N,33,49,1,0,0,0,2,0,0,오성고등학교,053-235-5182,08:00~18:00,Aug-90,35.8540405,128.6449075,2019-09-10
공중화장실,대구혜화여자고등학교,"대구광역시 수성구 교학로12길 62, (만촌동)",대구광역시 수성구 만촌동 1256-26,N,14,28,1,1,0,0,107,0,0,대구혜화여자고등학교,053-749-1213,07:00~23:00,Oct-84,35.8501897,128.6484898,2019-09-10
공중화장실,대청초등학교,"대구광역시 수성구 교학로12길 42, (만촌동)",대구광역시 수성구 만촌동 873,N,30,51,5,1,0,0,49,0,0,대청초등학교,053-232-3506,09:00~18:00,Apr-88,35.8512558,128.6505211,2019-09-10
공중화장실,만촌종합시장,"대구광역시 수성구 교학로2길 23, (만촌동)",대구광역시 수성구 만촌동 858,N,3,3,0,0,0,0,0,0,0,만촌종합시장,053-751-9818,09:00~18:00,Jul-86,35.8548536,128.651529,2019-09-10
공중화장실,오성중학교,"대구광역시 수성구 달구벌대로522길 78, (만촌동)",대구광역시 수성구 만촌동 1070,N,39,51,1,1,0,0,5,1,0,오성중학교,053-232-8710,09:00~18:00,Oct-90,35.8540405,128.6449075,2019-09-10
공중화장실,영남공업고등학교,"대구광역시 수성구 교학로 96, (만촌동)",대구광역시 수성구 만촌동 1160-3,N,50,91,1,1,0,0,42,0,0,영남공업고등학교,053-235-8605,09:00~18:00,Jan-88,35.8485052,128.6478152,2019-09-10
공중화장실,소선여자중학교,"대구광역시 수성구 교학로8길 37, (만촌동)",대구광역시 수성구 만촌동 862-17,N,21,39,2,2,0,0,44,2,0,소선여자중학교,053-232-9501,24시간,Mar-18,35.8528145,128.6498054,2019-09-10
공중화장실,SK제일주유소,"대구광역시 수성구 지범로 199, (범물동)",대구광역시 수성구 범물동 1275-7,N,1,1,0,0,0,0,1,0,0,SK제일주유소,053-781-5611,06:00~23:00,Nov-92,35.8205847,128.641143,2019-09-10
공중화장실,대구범일중학교,"대구광역시 수성구 지범로41길 23, (범물동)",대구광역시 수성구 범물동 1279-2,N,17,35,1,1,0,0,44,0,0,대구범일중학교,053-232-7860,08:20~16:20,Mar-98,35.82112689,128.6447011,2019-09-10
공중화장실,범물초등학교,"대구광역시 수성구 지범로41길 33, (범물동)",대구광역시 수성구 범물동 1279-1,N,25,45,12,1,0,0,51,12,0,범물초등학교,053-232-4049,09:00~18:00,Oct-92,35.8217026,128.6451405,2019-09-10
공중화장실,복명초등학교,"대구광역시 수성구 범안로20길 8, (범물동)",대구광역시 수성구 범물동 1293,N,12,27,4,4,2,2,39,3,2,복명초등학교,053-232-4796,08:30~16:30,Dec-92,35.81762519,128.647218,2019-09-10
공중화장실,동아백화점수성점,"대구광역시 수성구 지범로 191, (범물동)",대구광역시 수성구 범물동 1273,N,18,30,1,0,0,0,53,1,1,동아백화점수성점,053-780-2212,09:30~22:00,Jan-95,35.8211238,128.6404645,2019-09-10
개방화장실,범물종합복지관,"대구광역시 수성구 범안로 81, (범물동, 범물용지4단지)",대구광역시 수성구 범물동 1287 범물용지4단지,N,0,0,4,0,0,0,0,0,0,범물종합복지관,053-781-2000,09:00~18:00,Jul-92,35.8192089,128.6471189,2019-09-10
공중화장실,범물중학교,"대구광역시 수성구 범안로4길 46, (범물동)",대구광역시 수성구 범물동 1366,N,21,52,1,1,0,0,43,0,0,범물중학교,053-782-8434,09:00~18:00,Nov-98,35.8149608,128.6399071,2019-09-10
공중화장실,대구범일초등학교,"대구광역시 수성구 범안로4길 22, (범물동)",대구광역시 수성구 범물동 1364,N,42,94,1,1,0,0,57,1,0,대구범일초등학교,053-232-4173,09:00~18:00,Dec-93,35.8161502,128.639287,2019-09-10
공중화장실,수성대학교,"대구광역시 수성구 달구벌대로528길 15, (만촌동)",대구광역시 수성구 만촌동 산395,N,131,202,11,0,0,0,245,11,0,수성대학교,053-749-7411,08:00~24:00,Mar-99,35.8540385,128.6481314,2019-09-10
공중화장실,청구리빙월드,"대구광역시 수성구 지범로 188, (범물동)",대구광역시 수성구 범물동 1334,N,10,15,0,0,0,0,10,0,0,청구리빙월드,053-782-3239,06:00~19:00,Feb-96,35.82080311,128.6395193,2019-09-10
공중화장실,동원빌딩,"대구광역시 수성구 지범로 192, (범물동)",대구광역시 수성구 범물동 1334-2,N,15,16,1,1,0,0,16,1,0,㈜동원개발,053-781-8993,05:00~24:00,Dec-93,35.82052111,128.6400039,2019-09-10
개방화장실,구민운동장,,대구광역시 수성구 범어동 356,N,4,15,2,0,0,0,7,1,0,구민운동장,053-742-9885,09:00~18:00,Jun-92,35.85025577,128.6298035,2019-09-10
개방화장실,대공원가스,"대구광역시 수성구 동대구로 255, (범어동)",대구광역시 수성구 범어동 775-64,N,3,4,0,0,0,0,1,0,0,대공원가스,053-763-6022,24시간,Aug-82,35.8532855,128.6247251,2019-09-10
공중화장실,동산초등학교,"대구광역시 수성구 동대구로42길 29, (범어동)",대구광역시 수성구 범어동 678-3,N,17,42,5,5,1,0,28,5,1,동산초등학교,053-232-2897,09:00~18:00,May-81,35.84910235,128.6281114,2019-09-10
공중화장실,동도초등학교,"대구광역시 수성구 동대구로57길 8, (범어동)",대구광역시 수성구 범어동 784-2,N,40,70,4,4,0,0,55,1,0,동도초등학교,053-232-0487,09:00~18:00,Apr-43,35.856997,128.6240228,2019-09-10
공중화장실,에이스빌딩,"대구광역시 수성구 명덕로 485, (범어동)",대구광역시 수성구 범어동 776-7,N,11,17,0,0,0,0,12,0,0,에이스빌딩,053-795-1300,09:00~18:00,Mar-97,35.85414661,128.6234572,2019-09-10
개방화장실,범어궁도장,"대구광역시 수성구 동대구로50길 121-17, (범어동)",대구광역시 수성구 범어동 산173,N,1,2,0,0,0,0,1,0,0,범어궁도장,053-752-6904,08:00~19:00,Jun-92,35.8482707,128.6296997,2019-09-10
공중화장실,삼희빌딩,"대구광역시 수성구 달구벌대로 2388, (범어동)",대구광역시 수성구 범어동 559-6,N,32,48,0,0,0,0,32,0,0,삼희빌딩,053-754-7003,09:00~18:00,Nov-91,35.8589055,128.6237711,2019-09-10
공중화장실,삼성증권,"대구광역시 수성구 달구벌대로 2424, (범어동)",대구광역시 수성구 범어동 190-5,N,46,47,0,0,0,0,31,0,0,삼성증권,053-1588-3305,09:00~18:00,Dec-94,35.85835267,128.6275093,2019-09-10
공중화장실,현대증권빌딩,"대구광역시 수성구 달구벌대로 2418, (범어동)",대구광역시 수성구 범어동 190-2,N,15,24,1,0,0,0,15,1,0,현대증권대구WMC,053-756-9925,07:00~20:00,Dec-98,35.85827376,128.6271271,2019-09-10
공중화장실,대구여자고등학교,"대구광역시 수성구 달구벌대로488길 17, (범어동)",대구광역시 수성구 범어동 238-41,N,8,9,0,1,0,0,120,4,0,대구여자고등학교,053-231-7251,08:20~16:20,Aug-80,35.8562356,128.630221,2019-09-10
공중화장실,효산병원,"대구광역시 수성구 동대구로 245, (범어동)",대구광역시 수성구 범어동 774-60,N,10,12,1,0,0,0,8,3,0,효산요양병원,053-766-2114,24시간,Feb-98,35.85222018,128.624677,2019-09-10
공중화장실,여성메디파크병원,"대구광역시 수성구 동대구로 271, (범어동)",대구광역시 수성구 범어동 595-27,N,5,5,2,0,1,0,11,0,0,여성메디파크병원,053-740-7700,24시간,Oct-18,35.8546625,128.6248126,2019-09-10
공중화장실,경상제일주유소,"대구광역시 수성구 국채보상로 964, (범어동)",대구광역시 수성구 범어동 428-4,Y,2,2,0,0,0,0,0,0,0,경상제일주유소,053-741-3059,06:00~24:00,Apr-95,35.8669603,128.6360594,2019-09-10
공중화장실,범어초등학교,"대구광역시 수성구 달구벌대로489길 55, (범어동)",대구광역시 수성구 범어동 154,N,12,15,6,0,1,0,13,1,1,범어초등학교,053-232-1783,09:00~18:00,Dec-71,35.8606616,128.633199,2019-09-10
공중화장실,새범어종합시장,"대구광역시 수성구 국채보상로192길 20, (범어동, 새범어)",대구광역시 수성구 범어동 432-1 새범어,N,4,4,0,0,0,0,6,0,0,새범어종합시장,,09:00~18:00,Jan-82,35.8663397,128.6352816,2019-09-10
공중화장실,율촌빌딩,"대구광역시 수성구 동대구로 348-15, (범어동)",대구광역시 수성구 범어동 175-8,N,7,14,0,0,0,0,13,0,0,율촌빌딩,053-755-1111,09:00~18:00,Jul-18,35.86163581,128.6288068,2019-09-10
개방화장실,동일빌딩,"대구광역시 수성구 달구벌대로 2503, (범어동)",대구광역시 수성구 범어동 223-5,N,11,19,0,0,0,0,11,0,0,동일빌딩,053-756-1201,09:00~20:00,Aug-94,35.85925127,128.6366003,2019-09-10
공중화장실,킹덤오피스텔,"대구광역시 수성구 동대구로 386, (범어동)",대구광역시 수성구 범어동 45-5,N,34,49,0,0,0,0,48,0,0,킹덤오피스텔,053-745-6361,24시간,Jul-91,35.8649121,128.6275387,2019-09-10
공중화장실,범어타워,"대구광역시 수성구 동대구로 390, (범어동)",대구광역시 수성구 범어동 45-29,N,12,36,0,0,0,0,24,0,0,범어오피스텔,053-742-3377,09:00~18:00,Jun-92,35.86514871,128.6275158,2019-09-10
공중화장실,우정법원빌딩,"대구광역시 수성구 동대구로 348-17, (범어동)",대구광역시 수성구 범어동 175-4,N,12,11,0,0,0,0,8,0,0,우정법원빌딩,053-744-0191,08:30~18:30,Dec-95,35.86165285,128.6289748,2019-09-10
공중화장실,교직원공제회관,"대구광역시 수성구 동대구로 334, (범어동)",대구광역시 수성구 범어동 177-4,N,34,64,1,0,0,0,32,0,0,교직원공제회관,053-753-9484,05:00~23:00,Jan-97,35.86003987,128.6271794,2019-09-10
공중화장실,성광빌딩,"대구광역시 수성구 동대구로 358-6, (범어동)",대구광역시 수성구 범어동 174-1,N,12,18,0,0,0,0,12,0,0,성광빌딩,053-752-3333,09:00~18:00,Nov-93,35.8620576,128.6279098,2019-09-10
공중화장실,대구상조빌딩,"대구광역시 수성구 달구벌대로 2461, (범어동)",대구광역시 수성구 범어동 165-4,N,28,29,1,0,0,0,28,1,0,대구상조㈜,053-253-6655,09:00~19:00,Feb-18,35.8592164,128.6319143,2019-09-10
공중화장실,상원빌딩,"대구광역시 수성구 동대구로 330, (범어동)",대구광역시 수성구 범어동 177-10,N,12,20,1,1,0,0,12,1,0,㈜상원,053-744-4314,06:00~24:00,Dec-91,35.85972355,128.627343,2019-09-10
개방화장실,동대구농협,"대구광역시 수성구 달구벌대로 2487, (범어동)",대구광역시 수성구 범어동 170-1,N,10,15,0,0,0,0,15,0,0,동대구농협,053-756-0091,09:00~18:00,Sep-93,35.85924346,128.6346468,2019-09-10
공중화장실,대구문화방송M.B.C,"대구광역시 수성구 동대구로 400, (범어동)",대구광역시 수성구 범어동 1,N,48,64,0,0,0,0,51,0,0,대구문화방송M.B.C,053-744-5001,09:00~18:00,Nov-18,35.8661503,128.6288002,2019-09-10
공중화장실,기업은행,"대구광역시 수성구 달구벌대로 2426, (범어동)",대구광역시 수성구 범어동 189-1,N,10,10,0,0,0,0,10,0,0,기업은행,053-744-5194,09:00~18:00,Dec-83,35.85846804,128.6278535,2019-09-10
개방화장실,수성주유소,"대구광역시 수성구 달구벌대로 2457, (범어동)",대구광역시 수성구 범어동 165-17,N,1,1,0,0,0,0,1,0,0,수성주유소,053-752-4071,06:00~24:00,Apr-93,35.8595067,128.6315623,2019-09-10
공중화장실,송원교육문화재단송원학원,"대구광역시 수성구 달구벌대로 2521, (범어동)",대구광역시 수성구 범어동 221-6,N,24,47,0,0,0,0,28,0,0,송원교육문화재단송원학원,053-753-1000,09:00~18:00,Jun-18,35.85920445,128.6386361,2019-09-10
공중화장실,동천초등학교,"대구광역시 수성구 상록로16길 20, (범어동)",대구광역시 수성구 범어동 9,N,16,32,3,0,4,0,32,0,4,동천초등학교,053-232-1493,08:30~16:30,May-67,35.865487,128.6256824,2019-09-10
공중화장실,청운신용협동조합,"대구광역시 수성구 들안로 416, (범어동)",대구광역시 수성구 범어동 1130,N,4,4,0,0,0,0,4,0,0,청운신용협동조합,053-743-9532,08:00~19:00,Oct-18,35.8671007,128.6186087,2019-09-10
공중화장실,로터리시장,"대구광역시 수성구 상록로2길 77, (범어동)",대구광역시 수성구 범어동 29-1,N,3,2,0,0,0,0,3,0,0,로터리시장,,09:00~18:00,Jan-72,35.86274588,128.6250638,2019-09-10
공중화장실,삼성화재㈜범어사옥,"대구광역시 수성구 동대구로 401, (범어동)",대구광역시 수성구 범어동 2-1,N,66,65,2,0,0,0,44,1,0,삼성화재㈜범어사옥,053-607-7581,09:00~18:00,Apr-18,35.86615573,128.6262422,2019-09-10
공중화장실,범어빌딩,"대구광역시 수성구 동대구로 355, (범어동)",대구광역시 수성구 범어동 33-2,N,10,10,0,0,0,0,10,0,0,범어빌딩,053-742-4680,09:00~18:00,Jun-96,35.8623554,128.6261095,2019-09-10
공중화장실,KT범어사옥,"대구광역시 수성구 동대구로 375, (범어동)",대구광역시 수성구 범어동 13-7,N,9,9,0,0,0,0,32,1,0,KT범어사옥,053-752-2917,09:00~18:00,Dec-92,35.86390241,128.6262466,2019-09-10
공중화장실,건설회관,"대구광역시 수성구 국채보상로 860, (범어동)",대구광역시 수성구 범어동 1-4,N,16,16,0,0,0,0,8,0,0,건설회관,053-755-5086,09:00~18:00,Dec-80,35.86684932,128.6249622,2019-09-10
공중화장실,정암빌딩,"대구광역시 수성구 동대구로 341, (범어동)",대구광역시 수성구 범어동 43-8,N,21,30,1,0,0,0,19,1,0,㈜문앤선대구지사,053-753-0474,06:00~22:00,Sep-94,35.86092932,128.6259999,2019-09-10
공중화장실,법무빌딩,"대구광역시 수성구 동대구로 351, (범어동)",대구광역시 수성구 범어동 33-10,N,14,14,0,0,0,0,14,0,0,법무빌딩,053-214-0114,07:30~20:00,Sep-18,35.86183003,128.6261195,2019-09-10
공중화장실,참저축은행,"대구광역시 수성구 동대구로 395, (범어동)",대구광역시 수성구 범어동 2-5,N,15,23,4,0,0,0,24,3,0,참저축은행,053-720-7354,08:00~23:00,Jan-18,35.8656274,128.6262378,2019-09-10
공중화장실,새마을금고중앙회 대구지역본부,"대구광역시 수성구 국채보상로 866, (범어동)",대구광역시 수성구 범어동 1-5,N,13,13,0,0,0,0,13,0,0,새마을금고중앙회 대구지역본부,053-210-3014,08:00~18:00,Sep-91,35.8668294,128.6252283,2019-09-10
공중화장실,가든주유소,"대구광역시 수성구 청호로 417, (범어동)",대구광역시 수성구 범어동 97-11,N,1,1,0,0,0,0,1,0,0,가든주유소,053-741-5152,06:00~23:00,Oct-92,35.854499,128.6390711,2019-09-10
